bids_name	aor	aqi	dummy_trs	dvars_nstd	dvars_std	dvars_vstd	efc	fber	fd_mean	fd_num	fd_perc	fwhm_avg	fwhm_x	fwhm_y	fwhm_z	gcor	gsr_x	gsr_y	size_t	size_x	size_y	size_z	snr	spacing_tr	spacing_x	spacing_y	spacing_z	summary_bg_k	summary_bg_mad	summary_bg_mean	summary_bg_median	summary_bg_n	summary_bg_p05	summary_bg_p95	summary_bg_stdv	summary_fg_k	summary_fg_mad	summary_fg_mean	summary_fg_median	summary_fg_n	summary_fg_p05	summary_fg_p95	summary_fg_stdv	tsnr
sub-01_task-AA_acq-0500_run-1_bold	0.0003801794871794872	0.012248784243589743	0	38.51372460993585	1.1842302317586662	1.000107027907574	0.5593382278488218	2739.04150390625	0.13595301831163215	162	20.76923076923077	1.8068322722085777	1.7313513187977203	2.04249216449468	1.6466533333333333	0.0159635	-0.013415697030723095	0.0665527731180191	780	76	76	42	5.999303664405485	0.5	2.526315689086914	2.526315689086914	3.0	19.032240699708343	133.58753076881345	498.92327880859375	173.77786254882812	139164.0	63.39774856567383	2139.789819335939	851.4248657226562	1.6498771199008129	1475.1153668728944	9509.3837890625	9454.779296875	55810.0	7194.165795898438	12113.792724609375	1575.96533203125	44.32447814941406
sub-01_task-AA_acq-0750_run-1_bold	0.0030947884615384618	0.018335328942307695	0	31.113939762986515	1.1579017141811168	1.0054711019653186	0.5731852645015741	1964.5042724609375	0.17360551015279546	175	33.65384615384615	1.7953337996844636	1.709861526277126	2.0411898727762647	1.63495	0.0168334	-0.014996987767517567	0.06771422177553177	520	76	76	40	6.21685324126563	0.75	2.526315689086914	2.526315689086914	3.0	18.27956465625321	191.08347077297134	647.8623657226562	249.55625915527344	129363.0	85.66102447509766	2647.7502441406245	1054.7099609375	1.629401303845917	1719.6998494607194	11489.869140625	11414.0478515625	55209.0	8800.7587890625	14522.333984375	1835.9681396484375	41.41301727294922
sub-01_task-AA_acq-1000_run-1_bold	0.002101102564102564	0.010107917128205128	0	26.585326530282792	1.147314741028277	1.02445602311054	0.5620322390203588	2195.935791015625	0.18312948159553596	167	42.82051282051282	1.8119679667095419	1.7344823605888033	2.0436282062064888	1.6577933333333332	0.0135589	-0.013568392023444176	0.06798979640007019	390	76	76	42	5.835618180871345	1.0	2.526315689086914	2.526315689086914	3.0	19.809539044926765	200.99570928459332	694.0861206054688	259.71484375	139038.0	91.21882972717285	2857.912133789061	1150.8370361328125	1.8884040075830288	1989.6072937689185	12697.009765625	12607.36328125	55857.0	9533.9013671875	16235.1220703125	2160.396728515625	53.205177307128906
sub-01_task-AA_acq-2500_run-1_bold	0.0005783974358974359	0.003224245576923077	0	32.59499002303225	1.1979281145806455	0.9893863390967746	0.5773870912795999	235.13047790527344	0.05589925058465492	0	0.0	2.8047562556606587	2.7100057326859526	2.9602397009626906	2.7440233333333333	0.0247288	-0.00581318000331521	0.06867524236440659	156	76	76	42	2.230638935611911	2.5	2.526315689086914	2.526315689086914	3.0	25.679080037004567	156.6349697825827	1436.55419921875	859.4754638671875	137890.0	723.9923858642578	4597.813647460928	1708.3419189453125	2.87152090574303	5049.588235881076	14477.2431640625	13280.97265625	55918.0	7387.377246093751	25994.709277343733	5953.833984375	53.57671356201172
sub-01_task-UA_acq-0500_run-1_bold	0.0005736340206185567	0.012481334690721648	4	38.4447254943484	1.1856407345419369	1.0039757919741936	0.5594649150144215	2759.964599609375	0.14258364076797117	192	24.742268041237114	1.8041356749441493	1.7353096522883436	2.0353473725441047	1.64175	0.0132328	-0.012693427503108978	0.06700067222118378	776	76	76	42	6.031613189919188	0.5	2.526315689086914	2.526315689086914	3.0	18.359758641202667	134.54067097679194	502.4529113769531	173.82235717773438	139370.0	61.38739528656006	2146.4032104492176	856.9467163085938	1.5791206725907694	1462.8267083479273	9500.787109375	9440.9892578125	55694.0	7207.7784423828125	12120.166552734374	1565.237060546875	43.77783203125
sub-01_task-UA_acq-0750_run-1_bold	0.0011157528957528957	0.010334246814671814	2	30.49194093526111	1.1893677754352039	1.0195477282398449	0.5724873548939895	2013.7396240234375	0.1547648247010568	164	31.66023166023166	1.793499563600249	1.7161711098611796	2.036910914272901	1.6274166666666667	0.0122441	-0.01538169290870428	0.06800398230552673	518	76	76	40	6.102729393629788	0.75	2.526315689086914	2.526315689086914	3.0	18.659372561912654	182.62811810912916	639.9107666015625	245.161376953125	129401.0	91.1073226928711	2605.052490234375	1045.1793212890625	1.7332626968913782	1738.9620954714603	11452.49609375	11389.1220703125	55293.0	8736.403125	14537.389453124997	1866.21728515625	51.74446105957031
sub-01_task-UA_acq-1000_run-1_bold	0.0007400256410256409	0.008727635076923076	0	26.960905330179898	1.154451928868895	1.010869761028277	0.5628408941121075	2139.431396484375	0.17606097121206962	161	41.282051282051285	1.8018787302935502	1.7255246518995224	2.0295682056477946	1.6505433333333333	0.0202742	-0.01294165849685669	0.06840039789676666	390	76	76	42	5.822985364382914	1.0	2.526315689086914	2.526315689086914	3.0	18.98672608068784	203.5160776304023	702.2413940429688	261.9400329589844	138989.0	91.63208770751953	2878.919335937502	1164.0882568359375	1.84087854593127	1987.1510099176542	12673.7724609375	12578.46484375	55780.0	9508.99345703125	16208.990185546874	2160.120849609375	56.25086975097656
sub-01_task-UA_acq-2500_run-1_bold	0.0010408333333333333	0.004205726987179487	0	32.45962544122582	1.1739126743225805	0.9879637174193546	0.5779055931848787	232.44412231445312	0.067687886369955	6	3.8461538461538463	2.8168460477970463	2.730106150151338	2.9756019932398	2.74483	0.0126603	-0.0033891063649207354	0.06814444065093994	156	76	76	42	2.2323417977254945	2.5	2.526315689086914	2.526315689086914	3.0	26.564808073633635	168.19834408017414	1428.568603515625	859.4105834960938	137521.0	708.6614379882812	4542.27099609375	1702.28857421875	2.86648378491381	5038.943615265399	14435.1708984375	13240.0166015625	55917.0	7366.9439453125	25924.540624999998	5930.94580078125	49.81855392456055
sub-01_task-loc_acq-1000_run-1_bold	0.0008819075144508671	0.007639314450867052	1	26.529275761220926	1.1340717749999998	1.002164348604651	0.5606826149400032	2273.685546875	0.1936659014061872	89	51.445086705202314	1.7920130356516542	1.7160523598564608	2.0241334137651688	1.6358533333333334	0.0153061	-0.012781554833054543	0.06735943257808685	173	76	76	42	5.906030579120025	1.0	2.526315689086914	2.526315689086914	3.0	20.26091199261228	204.7675548860575	690.4440307617188	259.34454345703125	139043.0	86.01089935302734	2839.6814941406205	1168.2574462890625	1.960691396142324	1990.3123985349462	12891.8828125	12797.2138671875	55895.0	9706.972265625	16421.583789062497	2166.78515625	60.34357452392578
sub-02_task-AA_acq-0500_run-1_bold	0.00036634491634491634	0.018010993564993565	3	43.189238351546386	1.2956912842139168	0.9901219809149487	0.5858784094901434	2502.4541015625	0.13360820536807846	179	23.037323037323038	1.7900778962016595	1.7167292348833574	1.9810944537216209	1.67241	0.00880849	-0.01060840580612421	0.06011539325118065	777	76	76	42	6.6355197518119695	0.5	2.526315689086914	2.526315689086914	3.0	17.35645195299318	155.83283619399697	521.5862426757812	184.06674194335938	130711.0	62.83303260803223	2151.6134033203125	867.3505859375	1.4937445629562927	1357.0979137138822	9665.3017578125	9662.4072265625	63279.0	7405.256494140625	12069.845996093749	1456.15283203125	42.3087043762207
sub-02_task-AA_acq-0750_run-1_bold	0.0009300967117988394	0.014903987040618955	3	32.75817995300388	1.2577667475581404	1.002839435271318	0.5973910892036215	1910.9771728515625	0.15570253398932798	167	32.30174081237911	1.7557091452112565	1.6684771496326585	1.9545736193344443	1.6440766666666666	0.013772	-0.011987821198999882	0.059009209275245667	517	76	76	40	6.851777039572044	0.75	2.526315689086914	2.526315689086914	3.0	18.342953420666333	201.36075506169843	662.8006591796875	256.56085205078125	121255.0	95.9550796508789	2658.223242187497	1073.7713623046875	1.55946843941308	1596.7140862306114	11796.265625	11779.8671875	62520.0	9110.91669921875	14605.598632812498	1719.2288818359375	50.78910446166992
sub-02_task-AA_acq-1000_run-1_bold	0.004021311053984576	0.02017738174807198	1	30.420293645670128	1.231553802268042	1.0066896261855673	0.5843297398441453	2202.416748046875	0.16107917584514336	83	21.336760925449873	1.7880815071967955	1.7128817347304717	1.9761861201932478	1.6751766666666665	0.0164123	-0.009142196737229824	0.05884009972214699	389	76	76	42	6.5425287325125465	1.0	2.526315689086914	2.526315689086914	3.0	20.716217384350468	233.04045071114456	734.2598266601562	275.02142333984375	131291.0	90.94292068481445	2936.502197265625	1219.5108642578125	1.579717733156155	1855.796652133872	13465.8603515625	13436.3974609375	62698.0	10273.135205078126	16810.820703125	2053.6845703125	45.815608978271484
sub-02_task-AA_acq-2500_run-1_bold	0.0027033333333333336	0.0036779245512820516	0	33.26494523348389	1.1104862247096772	0.9887409052258067	0.5931816107673881	233.5787353515625	0.11908459849184257	19	12.179487179487179	2.837549659584085	2.7801474021397987	2.9765915766124555	2.75591	0.0155051	0.0042661139741539955	0.05787864699959755	156	76	76	42	2.2174644052141357	2.5	2.526315689086914	2.526315689086914	3.0	20.74468443364417	186.0520546397339	1612.2740478515625	920.099609375	130028.0	766.2878784179687	5361.4140625	1888.046875	1.5659272009781402	5655.891463441043	15618.083984375	14185.365234375	60836.0	7957.5855712890625	28152.49853515625	6397.05810546875	49.70037078857422
sub-02_task-UA_acq-0500_run-1_bold	0.00042776061776061784	0.02157612187902188	3	42.492570616585034	1.2821463890721656	0.9790633678221653	0.583215780276636	2634.18701171875	0.12155183554352851	87	11.196911196911197	1.799703868645451	1.7302548604208177	1.984296745515535	1.68456	0.0107763	-0.010272922925651073	0.05841170996427536	777	76	76	42	6.699174308040415	0.5	2.526315689086914	2.526315689086914	3.0	20.665125040333535	154.1183511517047	523.9160766601562	182.0626983642578	131231.0	61.57379341125488	2152.90283203125	889.7850341796875	1.325473599561807	1375.2684780129498	9831.1953125	9826.0791015625	62771.0	7544.311279296875	12218.7734375	1466.748046875	40.5355110168457
sub-02_task-UA_acq-0750_run-1_bold	0.0008653667953667953	0.01489076081081081	2	32.77210244843328	1.2446103456866535	1.0003643291102529	0.5979146242245144	1869.9388427734375	0.1573655803156517	166	32.04633204633205	1.7675505345965528	1.6989365258430054	1.9615917446133193	1.6421233333333334	0.00926856	-0.012042298913002014	0.05914367735385895	518	76	76	40	6.756799042674754	0.75	2.526315689086914	2.526315689086914	3.0	17.382186705498405	207.17771102242426	664.0941772460938	258.9267272949219	121223.0	93.30229568481445	2677.725317382809	1061.5228271484375	1.506318837077509	1631.4104529925921	11741.4677734375	11728.662109375	62584.0	9038.99296875	14572.435986328124	1735.8172607421875	50.328067779541016
sub-02_task-UA_acq-1000_run-1_bold	0.0019349487179487178	0.02210340076923077	0	30.792908347455022	1.1926682598714657	0.9732673749871462	0.5846489563216819	2158.872802734375	0.17820675132171712	144	36.92307692307692	1.803002132592904	1.7253584018929162	1.9936146625524627	1.6900333333333333	0.0145991	-0.008050837554037571	0.061984166502952576	390	76	76	42	6.460429152142345	1.0	2.526315689086914	2.526315689086914	3.0	18.889393640086126	241.82453403961543	735.6537475585938	277.08343505859375	131265.0	87.01388854980469	2970.9533203124947	1213.4122314453125	1.3625913245725743	1915.7812321267304	13403.3828125	13384.4248046875	62887.0	10169.5458984375	16801.608984374998	2071.73828125	43.95561218261719
sub-02_task-UA_acq-2500_run-1_bold	0.008612051282051282	0.006385166987179487	0	34.12690279535482	1.101985621032258	1.0165370032903225	0.5922341554740104	231.70162963867188	0.15457470659979458	36	23.076923076923077	2.8900494529292984	2.831004070827328	3.052460954627234	2.786683333333333	0.00854694	0.005935925990343094	0.0542517825961113	156	76	76	42	2.178060363254418	2.5	2.526315689086914	2.526315689086914	3.0	23.176628195077022	191.21283876592977	1571.3587646484375	918.0162353515625	128648.0	745.6813812255859	4976.6936279296815	1814.5699462890625	1.538552757095701	5722.0931273462675	15614.193359375	14147.41796875	61463.0	7814.363916015625	28434.943945312494	6495.36767578125	39.02735137939453
sub-02_task-loc_acq-1000_run-1_bold	0.0006889017341040463	0.011726760751445084	1	29.47495039116279	1.2355658415116286	0.9919689095930242	0.5828660213584183	2299.1005859375	0.17259191534383606	72	41.61849710982659	1.7691703260098253	1.6957738173839974	1.9456238273121447	1.6661133333333333	0.0221482	-0.008680528961122036	0.059005431830883026	173	76	76	42	6.50760542024939	1.0	2.526315689086914	2.526315689086914	3.0	19.90028228795791	223.25280114403955	698.7940063476562	264.81634521484375	131165.0	87.96864776611328	2805.292480468741	1163.5777587890625	1.5695461480742967	1849.1213225162742	13188.55078125	13172.2861328125	62886.0	10076.587890625	16536.349609375	2024.12109375	58.59410858154297
sub-03_task-AA_acq-0500_run-1_bold	0.00024036036036036038	0.012997020990990992	3	43.18125935688145	1.295323389832474	0.9931863433505157	0.5952547788711549	2167.652099609375	0.08697388767829625	11	1.4157014157014156	1.9032446352745944	1.8084359051941197	2.1129980006296636	1.7882999999999998	0.00781207	-0.02006031572818756	0.06664062291383743	777	76	76	42	5.996305687652231	0.5	2.526315689086914	2.526315689086914	3.0	15.708333715355106	160.77669676637973	662.3930053710938	191.7131805419922	132382.0	65.0795181274414	3001.463220214843	1123.08837890625	1.0441454975138225	1528.4412675660387	9454.5947265625	9446.7021484375	61631.0	7023.64599609375	12079.796875	1575.4075927734375	43.68441390991211
sub-03_task-AA_acq-0750_run-1_bold	0.00028212355212355213	0.011115177799227797	2	29.203080725106375	1.1751284351257258	0.9838880765377173	0.6079463859716742	1597.780029296875	0.11093996775181222	16	3.088803088803089	1.8891155377964612	1.7922423628839796	2.109870917172071	1.7652333333333334	0.00725099	-0.021734466776251793	0.0684143528342247	518	76	76	40	6.122032883679296	0.75	2.526315689086914	2.526315689086914	3.0	15.94021372865922	227.03246854904756	843.0140991210938	273.4786682128906	122913.0	91.55653228759766	3725.2238769531186	1383.1787109375	1.1354712987118871	1816.4743927077063	11434.8544921875	11460.650390625	61299.0	8540.78466796875	14497.355859374999	1872.0181884765625	51.05268096923828
sub-03_task-AA_acq-1000_run-1_bold	0.00045290488431876607	0.011183738637532133	1	36.19005419543812	1.3739388087371132	0.9860704378608253	0.5953234593856706	1893.2181396484375	0.1273859602615305	40	10.282776349614396	1.8512640783386616	1.7533596530055864	2.063859248677065	1.7365733333333333	0.0128151	-0.019495351240038872	0.06866838783025742	389	76	76	42	6.0728488749127285	1.0	2.526315689086914	2.526315689086914	3.0	16.443421650232583	230.91849099067286	883.8965454101562	279.1794738769531	132258.0	93.61249694824218	3918.4710815429635	1481.7203369140625	1.5248431775933522	1981.509447862569	12708.8515625	12718.427734375	61719.0	9462.1609375	16065.530859375	2094.29296875	53.0503044128418
sub-03_task-AA_acq-2500_run-1_bold	0.0007941666666666667	0.0032833781410256412	0	27.784492775935476	1.0842738538064514	0.9853134875483865	0.5955189469968358	214.48060607910156	0.05808211098599359	2	1.2820512820512822	3.0285039004926992	2.9338811582486293	3.1850572098961356	2.9665733333333333	0.00917819	-0.009715682826936245	0.07961113750934601	156	76	76	42	1.9687201092671038	2.5	2.526315689086914	2.526315689086914	3.0	21.129545331951476	203.3417356809865	1893.0740966796875	931.9337768554688	129249.0	764.397412109375	6955.323046874997	2584.85302734375	3.442505560303398	5892.169609185541	15841.9384765625	14116.111328125	60294.0	7614.9996337890625	29726.619042968745	7170.1376953125	54.219390869140625
sub-03_task-UA_acq-0500_run-1_bold	0.000307853470437018	0.012121552853470437	2	43.73875024187909	1.3200388589446594	1.0001614164092671	0.5958948109068922	2129.390380859375	0.0859421598146154	10	1.2853470437017995	1.9030435241936832	1.8118717386639809	2.1118421672504017	1.7854166666666667	0.00457824	-0.02063392475247383	0.06735771149396896	778	76	76	42	5.974361974249795	0.5	2.526315689086914	2.526315689086914	3.0	15.459339971807587	162.25524386330838	666.4393310546875	192.7296142578125	132367.0	65.19670639038085	3025.550659179686	1126.8116455078125	1.0495138495504106	1530.9742876649407	9429.0234375	9420.734375	61632.0	6999.82392578125	12057.906103515623	1576.8475341796875	44.7188606262207
sub-03_task-UA_acq-0750_run-1_bold	0.00037453667953667955	0.009161745405405404	2	29.430971529264983	1.2045242684139261	1.005848986092844	0.6077948774864448	1613.9921875	0.10000492654719025	9	1.7374517374517375	1.8750314401669101	1.7780873623215103	2.093273624845887	1.7537333333333331	0.00712575	-0.02137676812708378	0.06782571226358414	518	76	76	40	6.137765883403734	0.75	2.526315689086914	2.526315689086914	3.0	16.156981747218136	218.63102581389649	841.048828125	271.2996826171875	122970.0	95.92911224365234	3726.4900878906215	1383.9373779296875	1.1861643271404558	1801.0388241027372	11410.6025390625	11428.6650390625	61269.0	8531.11640625	14466.558984374999	1862.0084228515625	56.37322998046875
sub-03_task-UA_acq-1000_run-1_bold	0.0007621025641025642	0.009547352153846153	0	36.37656074557839	1.3981460501285359	1.0044322312596408	0.5963429532629582	1829.61083984375	0.1208036923707276	27	6.923076923076923	1.842192966907098	1.7467056944078483	2.0463198729801126	1.7335533333333333	0.0145825	-0.02006281167268753	0.06757477670907974	390	76	76	42	6.053507821404495	1.0	2.526315689086914	2.526315689086914	3.0	16.300992890986162	233.1202070911699	894.72802734375	282.22747802734375	132336.0	95.28273010253906	3999.1265869140625	1494.353271484375	1.5901068356389851	1984.271952777519	12656.7548828125	12664.9453125	61798.0	9429.939501953126	16022.342285156248	2092.1494140625	57.35992431640625
sub-03_task-UA_acq-2500_run-1_bold	0.000618974358974359	0.0029670167307692306	0	28.365620754516133	1.101095971677419	0.9918144864516133	0.5958242914496129	211.46788024902344	0.06329658962162853	1	0.6410256410256411	3.0101163305818903	2.9129969907521005	3.1707320009935698	2.94662	0.00672694	-0.010510997846722603	0.07894683629274368	156	76	76	42	1.9669498781678827	2.5	2.526315689086914	2.526315689086914	3.0	20.506564801477534	205.3687309015996	1901.5072021484375	937.2659301757812	129543.0	768.8410705566406	7009.627392578123	2579.70703125	3.518646888463131	5879.718791042925	15825.4580078125	14101.25390625	60140.0	7603.763452148438	29711.724218749987	7169.037109375	56.43434143066406
sub-03_task-loc_acq-1000_run-1_bold	0.0037360693641618494	0.010147762254335259	1	36.93088659011629	1.4109545521511635	1.0396112424418602	0.5938556632442505	1907.3577880859375	0.14874659651590172	26	15.028901734104046	1.834016369359967	1.7328831938585916	2.0356125808879764	1.7335533333333333	0.0163082	-0.019371429458260536	0.06813404709100723	173	76	76	42	6.149393183223155	1.0	2.526315689086914	2.526315689086914	3.0	16.712500468138423	240.7392093107213	874.6536865234375	280.0224304199219	132439.0	85.78099212646485	3868.9410400390607	1466.564208984375	1.5424505470273822	1971.858778831857	12787.6875	12802.55078125	61438.0	9536.3453125	16144.4494140625	2081.904052734375	55.557823181152344
sub-05_task-AA_acq-0500_run-1_bold	0.0004928957528957528	0.01931946743886744	3	45.25711620976803	1.303943189845361	0.9870184831185554	0.6380975079271947	1272.892822265625	0.08309503533889578	11	1.4157014157014156	1.8645110235471163	1.797285279751034	2.0776144575569813	1.7186333333333332	0.0112621	-0.013082047924399376	0.07980015873908997	777	76	76	42	6.066660377611253	0.5	2.526315689086914	2.526315689086914	3.0	8.30738493142362	231.41928436622987	896.5512084960938	251.60963439941406	123354.0	77.22476959228516	3964.148168945312	1341.84716796875	1.1389002429583552	1529.547427815002	9642.3798828125	9597.751953125	69183.0	7270.074462890625	12264.47822265625	1582.0372314453125	36.300071716308594
sub-05_task-AA_acq-0750_run-1_bold	0.0007816153846153846	0.014144554865384615	0	31.29199660109827	1.2008463664932576	0.9845009502119453	0.648589565286488	1020.4185791015625	0.07094393588373406	0	0.0	1.8314551890504658	1.7390304857695296	2.0480417480485342	1.7072933333333333	0.0160323	-0.014942280016839504	0.07660087198019028	520	76	76	40	6.243715540628855	0.75	2.526315689086914	2.526315689086914	3.0	7.960059646575713	289.86869826340535	1077.0728759765625	341.3626708984375	113350.0	117.06359825134277	4681.494506835937	1588.738525390625	1.1534042713530885	1837.757842524144	11760.0986328125	11722.58984375	68505.0	8900.512890625	14807.5080078125	1877.488525390625	46.59557342529297
sub-05_task-AA_acq-1000_run-1_bold	0.0013381443298969072	0.015378417293814435	2	37.004590175038715	1.3447897541860456	0.9911152639534876	0.6384291172798768	1023.3516845703125	0.11389280413285809	27	6.958762886597938	1.8355243559174148	1.748831319492313	2.0533617482599316	1.7043799999999998	0.0147289	-0.013432829640805721	0.08107681572437286	388	76	76	42	6.00724858412254	1.0	2.526315689086914	2.526315689086914	3.0	8.193432559167984	345.198530319714	1206.850341796875	380.1844787597656	123259.0	120.42619552612305	5284.562744140621	1781.1683349609375	1.249227445277521	2100.4636623842503	13040.2373046875	12972.1015625	69329.0	9804.7333984375	16560.188671875	2159.392578125	44.49788284301758
sub-05_task-AA_acq-2500_run-1_bold	0.0029688461538461544	0.009826208846153844	0	29.81426112245162	1.0148820757419352	0.9450657870967744	0.6610438357303701	141.4493408203125	0.08977446213264148	6	3.8461538461538463	2.8444219502497052	2.6784894814336093	3.0026730359821734	2.8521033333333334	0.00513509	-0.014527344144880772	0.11432065814733505	156	76	76	42	2.3443853326884176	2.5	2.526315689086914	2.526315689086914	3.0	10.969696053253351	258.4358277406835	2513.48828125	1091.69921875	117261.0	882.0398559570312	10015.330078125	3359.63134765625	0.7266160898140561	5509.362874650378	14687.15234375	13531.6591796875	68055.0	7387.065966796875	25739.24609375	5771.90087890625	39.625335693359375
sub-05_task-UA_acq-0500_run-1_bold	0.0005373042362002567	0.01573293222079589	1	45.55191087616964	1.3268700218766074	1.0017394588560415	0.6383944971835028	1253.383544921875	0.09153071972940344	28	3.594351732991014	1.8607660927576701	1.7904056961443304	2.0668359154620135	1.7250566666666665	0.0138024	-0.014494749717414379	0.08029045164585114	779	76	76	42	6.031071610475001	0.5	2.526315689086914	2.526315689086914	3.0	8.498100795325612	228.00594657737574	896.5797729492188	252.08651733398438	123329.0	80.66627807617188	3965.9836425781236	1339.72314453125	1.1015674260601314	1542.2241111393437	9615.6435546875	9562.509765625	69258.0	7239.852514648438	12259.0875	1585.529296875	39.34136962890625
sub-05_task-UA_acq-0750_run-1_bold	0.0007943846153846154	0.012445987096153846	0	30.594540495067466	1.1882554396531793	1.0013151159922935	0.6502026947177137	948.2604370117188	0.08391448053353887	6	1.1538461538461537	1.8213319943756436	1.7298748604057177	2.0398044560545467	1.6943166666666667	0.0146833	-0.014399498701095581	0.07930376380681992	520	76	76	40	6.202666373694858	0.75	2.526315689086914	2.526315689086914	3.0	7.597604659288473	317.3762450337093	1134.1881103515625	356.7327880859375	114154.0	113.15229568481446	4944.345214843749	1658.606689453125	1.0594622317861653	1840.989452047293	11726.2021484375	11692.61328125	68644.0	8859.259912109375	14803.36455078125	1885.0809326171875	47.97852325439453
sub-05_task-UA_acq-1000_run-1_bold	0.00139525641025641	0.013796020153846155	0	36.55906540940875	1.3502963232904879	1.0034158059125964	0.6385358958912107	1010.2789916992188	0.11689653872022332	25	6.410256410256411	1.8355793560042393	1.753593194681533	2.055154873331184	1.6979899999999999	0.018862	-0.014095604419708252	0.08129572123289108	390	76	76	42	5.966426996600401	1.0	2.526315689086914	2.526315689086914	3.0	8.482110519384337	351.7775550416181	1211.8541259765625	382.4006042480469	123332.0	112.61085624694825	5279.149853515625	1779.9962158203125	1.2121205633567191	2111.8741976225733	13023.458984375	12955.00390625	69357.0	9774.2712890625	16557.14609375	2171.30126953125	45.60945510864258
sub-05_task-UA_acq-2500_run-1_bold	0.004277628205128204	0.006504640705128206	0	29.959813062322574	1.1139620019354826	1.0236306267096775	0.6610230077047224	141.10671997070312	0.0837919161594677	8	5.128205128205129	2.7917225741148575	2.640362813251925	2.9551215757593146	2.7796833333333333	0.010204	-0.015148487873375416	0.11249823868274689	156	76	76	42	2.34026572750739	2.5	2.526315689086914	2.526315689086914	3.0	11.00681933181603	252.05590552923275	2533.5849609375	1094.1016845703125	117424.0	897.9987579345703	10164.111474609374	3390.686767578125	0.7177245284854967	5521.318526817673	14702.3046875	13549.703125	68192.0	7374.0128173828125	25754.809863281247	5789.771484375	43.67915344238281
sub-05_task-loc_acq-1000_run-1_bold	0.0006513218390804598	0.010333031494252872	0	39.354437877630055	1.418519680173411	0.9963849247398845	0.6354614234527085	1093.5035400390625	0.09927674957833423	4	2.2988505747126435	1.8295558834721553	1.7427988192526032	2.04255549783053	1.7033133333333332	0.0193849	-0.012696905992925167	0.07781048119068146	174	76	76	42	6.03374358015697	1.0	2.526315689086914	2.526315689086914	3.0	9.011870491008631	321.9258878386189	1162.8594970703125	366.2287292480469	122813.0	120.33964385986329	5109.588574218739	1756.4913330078125	1.2593849269750548	2108.07937299884	13139.13671875	13070.201171875	69025.0	9865.589453125	16631.71640625	2166.168701171875	53.21551513671875
sub-06_task-AA_acq-0500_run-1_bold	0.00024582798459563544	0.0181763838254172	1	44.18996437293059	1.2691134760411327	0.9946710448457573	0.5972262454446957	1787.7086181640625	0.08293782676317484	25	3.209242618741977	1.7164956028583334	1.6426608986068127	1.9285792433015205	1.5782466666666668	0.0171359	-0.005377921275794506	0.065375417470932	779	76	76	42	6.639680246454764	0.5	2.526315689086914	2.526315689086914	3.0	12.6910375887638	157.36164530690104	578.5556640625	182.6088409423828	131923.0	64.49836196899415	2523.6962402343747	944.26220703125	1.8980891489077942	1175.2880252547166	8250.7890625	8226.20703125	61297.0	6390.25517578125	10243.876757812499	1238.9361572265625	39.623291015625
sub-06_task-AA_acq-0750_run-1_bold	0.00021495183044315994	0.013816515221579962	1	35.16807718164089	1.245910247702702	0.9879690576254836	0.612343463255948	1353.0098876953125	0.08793130800051455	14	2.697495183044316	1.6890938661430714	1.6142083974762123	1.911419867619668	1.5416533333333333	0.0152795	-0.007959517650306225	0.06562621146440506	519	76	76	40	6.802149837195527	0.75	2.526315689086914	2.526315689086914	3.0	12.201202844966367	205.1912783289379	745.5213623046875	253.00479125976562	121815.0	96.8101806640625	3157.2352539062485	1164.52490234375	2.2542926716538787	1370.8438370170973	9985.11328125	9949.1689453125	61007.0	7777.136767578125	12322.071289062498	1462.638671875	48.78365707397461
sub-06_task-AA_acq-1000_run-1_bold	0.0006731538461538462	0.015124910410256412	0	36.06348789347041	1.264725762853471	0.9916831833676093	0.6026299787552928	1252.0592041015625	0.12508298034323617	43	11.025641025641026	1.6735762269147505	1.6112356890247541	1.8887663250528308	1.5207266666666666	0.0129438	-0.008095776662230492	0.07078912854194641	390	76	76	42	6.51633714000252	1.0	2.526315689086914	2.526315689086914	3.0	12.890199207282064	248.33761354870603	816.888427734375	287.1788635253906	131721.0	97.02017211914062	3423.985107421875	1280.420654296875	2.404720988653427	1555.2106351616933	10930.0830078125	10881.6962890625	61407.0	8478.03544921875	13596.137499999999	1669.8963623046875	47.6650390625
sub-06_task-AA_acq-2500_run-1_bold	0.0016217307692307692	0.003559746346153846	0	29.869088326516138	1.0942393096129037	1.0025573612258067	0.6144886810049537	196.36839294433594	0.07691428423312031	4	2.5641025641025643	2.7349223649845356	2.639028854865585	2.8962849067546887	2.6694533333333332	0.0144527	0.005839559715241194	0.07704687863588333	156	76	76	42	2.4834661721775237	2.5	2.526315689086914	2.526315689086914	3.0	25.944769084278335	164.0079839158468	1654.5323486328125	899.7484130859375	128328.0	753.28046875	5563.765014648435	2133.435546875	1.0076245273737783	4891.89524698602	13900.353515625	12927.25	60030.0	7280.119140625	23896.210253906247	5205.2822265625	50.1186637878418
sub-06_task-UA_acq-0500_run-1_bold	0.0001761617458279846	0.017257685494223362	1	44.245845358200484	1.2577330668766062	0.9874909604370179	0.59746123034826	1722.891845703125	0.08728389319079714	14	1.797175866495507	1.699405671970319	1.6297527730938903	1.9163875761504006	1.5520766666666665	0.0177671	-0.005053026136010885	0.06499622017145157	779	76	76	42	6.5748117458095106	0.5	2.526315689086914	2.526315689086914	3.0	12.624350443207907	159.26456059407377	580.3565063476562	184.35446166992188	132024.0	64.38570289611816	2527.293408203122	944.650146484375	2.1816852379662866	1162.3080165741476	8179.33544921875	8150.861328125	61078.0	6336.071362304688	10167.141992187499	1239.7000732421875	40.4818000793457
sub-06_task-UA_acq-0750_run-1_bold	0.00030134615384615383	0.015202921730769231	0	36.75551085957608	1.2442960110404617	0.9879068514643538	0.6139569216958279	1278.5338134765625	0.14656306899842103	108	20.76923076923077	1.6492078928117444	1.5754800626039531	1.8664136158312805	1.50573	0.0466223	-0.008398032747209072	0.06509799510240555	520	76	76	40	6.712891450482756	0.75	2.526315689086914	2.526315689086914	3.0	12.060998456843896	209.51628323438447	763.9461059570312	256.3930358886719	122078.0	97.4913257598877	3247.244848632812	1194.8616943359375	2.6958995286175025	1321.8419514856391	9818.4814453125	9780.78125	60842.0	7647.262646484375	12138.168017578122	1457.002685546875	45.783023834228516
sub-06_task-UA_acq-1000_run-1_bold	0.0002383290488431877	0.016534067866323908	1	34.55982589229384	1.2110504451546382	0.9690577519072174	0.6029598291192447	1265.0018310546875	0.11728241968688405	37	9.511568123393316	1.7025158108930778	1.6269779813169631	1.9217194513622702	1.5588499999999998	0.015938	-0.009127948433160782	0.06994988024234772	389	76	76	42	6.541944499182328	1.0	2.526315689086914	2.526315689086914	3.0	12.612335667277279	252.73526564614139	815.8568115234375	288.2545166015625	131520.0	95.68252754211426	3411.5525024413946	1269.1417236328125	2.0097547212552067	1586.4958585381278	10979.875	10927.494140625	61648.0	8510.723583984374	13661.651611328125	1670.3604736328125	45.705665588378906
sub-06_task-UA_acq-2500_run-1_bold	0.0008183333333333333	0.003920179166666667	0	31.224947320709667	1.103818612645161	0.9923346879354844	0.6146738545458367	194.74752807617188	0.07834778806400748	2	1.2820512820512822	2.7405441705961913	2.6395711465538003	2.8999780319014405	2.6820833333333334	0.0298606	0.005983383394777775	0.07659837603569031	156	76	76	42	2.4678046234192466	2.5	2.526315689086914	2.526315689086914	3.0	25.987584882256243	177.689568218979	1658.7939453125	904.7520141601562	127927.0	750.51806640625	5582.882568359374	2130.040771484375	1.0222454177886293	4964.26404384996	13970.7021484375	12989.03125	60174.0	7304.13701171875	24036.843164062495	5263.3515625	49.102901458740234
sub-06_task-loc_acq-1000_run-1_bold	0.0006151149425287357	0.012277856896551722	0	36.75290882786124	1.2873153554335268	1.0112389482080926	0.5988302432816658	1398.84521484375	0.12249979007954176	17	9.770114942528735	1.6845895604787755	1.6178896476224918	1.8995290338138353	1.5363499999999999	0.0228705	-0.006595958955585957	0.07093989104032516	174	76	76	42	6.59241988639072	1.0	2.526315689086914	2.526315689086914	3.0	13.69407140770095	234.85431168262596	794.906982421875	276.62127685546875	131900.0	95.05513458251953	3330.6736816406205	1274.3909912109375	2.236143454861981	1572.0593090061752	11099.158203125	11067.3076171875	61213.0	8588.6884765625	13769.5044921875	1678.7791748046875	52.94990921020508
sub-07_task-AA_acq-0500_run-1_bold	0.0002308118556701031	0.022318332731958764	4	37.83770761811615	1.1187927665677424	0.9547692416516139	0.5555957394629635	1801.11181640625	0.09794345446085231	21	2.7061855670103094	1.929440400625704	1.8784469496427754	2.153380918901003	1.7564933333333332	0.0073151	-0.006618279963731766	0.030153825879096985	776	76	76	42	6.495131456924382	0.5	2.526315689086914	2.526315689086914	3.0	16.66172281613714	147.9011767484804	479.35797119140625	185.1007537841797	144230.0	71.13055458068848	1929.2213623046848	729.8318481445312	1.9315336817469921	1156.0210737193565	8088.45849609375	8071.662109375	51398.0	6149.488134765625	10076.1609375	1242.712890625	35.74163055419922
sub-07_task-AA_acq-0750_run-1_bold	0.0006676153846153847	0.012797511076923078	0	25.596537106917157	1.0699531735067438	0.9877956553949897	0.5677832302832437	1389.42578125	0.10371337887979645	6	1.1538461538461537	1.8742649822446806	1.8104625719413192	2.0919357081260563	1.7203966666666668	0.00885488	-0.007551162037998438	0.031482845544815063	520	76	76	40	6.5980494003864445	0.75	2.526315689086914	2.526315689086914	3.0	17.193933706558685	190.87710637115848	610.4479370117188	256.10491943359375	134454.0	104.29402465820313	2389.0902221679657	903.879638671875	2.120839926243887	1364.027341660921	9856.078125	9837.1298828125	51097.0	7579.82275390625	12233.537499999999	1490.9002685546875	48.66343307495117
sub-07_task-AA_acq-1000_run-1_bold	0.0019162210796915165	0.012543919768637533	1	28.54507810069588	1.1790286276804125	0.9939811372164957	0.5565233261790918	1541.111083984375	0.11645454207941759	20	5.141388174807198	1.8409726203673573	1.7920127795415235	2.052538414893882	1.6783666666666666	0.00925159	-0.007070340681821108	0.032059554010629654	389	76	76	42	6.446357904623853	1.0	2.526315689086914	2.526315689086914	3.0	17.489322415578272	215.47081357775932	674.711181640625	272.362548828125	144319.0	100.53604507446289	2689.8660400390672	1035.761474609375	2.509490965020963	1558.7253000888634	11085.07421875	11047.1923828125	51280.0	8513.261572265625	13846.479541015624	1713.6939697265625	50.91044616699219
sub-07_task-AA_acq-2500_run-1_bold	0.00417525641025641	0.005243226794871794	0	29.1594284427742	1.1229986272903225	1.0230335971612905	0.5919785424298815	167.80120849609375	0.07895149943205985	7	4.487179487179487	2.7703838249599246	2.6824834399256483	2.976801368287459	2.6518666666666664	0.00918267	0.011194266378879547	0.04104295372962952	156	76	76	42	2.5926197651551677	2.5	2.526315689086914	2.526315689086914	3.0	34.7616386939579	168.07129491545356	1573.312744140625	973.275634765625	144037.0	812.229443359375	4638.692187499987	1852.1026611328125	2.6278517494662887	4238.219693266596	13521.3291015625	12676.1708984375	51241.0	7263.47607421875	22759.845703125	4889.28125	47.823787689208984
sub-07_task-UA_acq-0500_run-1_bold	0.00026686375321336765	0.01380467236503856	2	38.58389826181462	1.1804744242985854	0.9954974775160876	0.5573854305420323	1709.4676513671875	0.09864510094912281	12	1.5424164524421593	1.9056675524277067	1.8525713236145704	2.1055880003352163	1.7588433333333333	0.00493353	-0.008382169529795647	0.0301076490432024	778	76	76	42	6.392893247039866	0.5	2.526315689086914	2.526315689086914	3.0	15.852714156257605	150.01604990363003	487.1443176269531	187.29641723632812	144098.0	71.5992042541504	1989.199230957029	739.36279296875	1.772554378536487	1171.0624641466027	8035.71875	8020.87548828125	51507.0	6091.93095703125	10046.1640625	1254.642822265625	42.20985794067383
sub-07_task-UA_acq-0750_run-1_bold	0.0003252601156069364	0.011833449113680153	1	26.042256090096526	1.0702087854826265	0.9850283633397678	0.568403576100616	1361.9447021484375	0.10723764049049168	8	1.5414258188824663	1.8835927601080245	1.8187038222687968	2.090154458055276	1.7419200000000001	0.00482929	-0.008077967911958694	0.03221511095762253	519	76	76	40	6.589398121297947	0.75	2.526315689086914	2.526315689086914	3.0	16.89900576294513	189.22317102426769	609.2117919921875	257.364990234375	134432.0	107.83127899169922	2395.242932128906	895.6226806640625	1.9868491326135098	1371.608303786014	9819.6708984375	9806.5302734375	51178.0	7541.068872070313	12184.76958007812	1488.2139892578125	50.35163879394531
sub-07_task-UA_acq-1000_run-1_bold	0.0002633933161953727	0.011316056066838049	1	28.849515339793797	1.1677451328350512	0.9711726851546394	0.5577728478098856	1463.38232421875	0.11041266023765856	13	3.341902313624679	1.8472962315092971	1.797059654742068	2.049819039785824	1.69501	0.00730399	-0.008340657688677311	0.03267110511660576	389	76	76	42	6.439066447095023	1.0	2.526315689086914	2.526315689086914	3.0	17.073492084932386	215.20368456475708	675.0525512695312	276.8771667480469	144117.0	104.9832763671875	2698.1280273437487	1025.8067626953125	2.413293007060444	1559.9784174913211	11022.1044921875	10988.2646484375	51341.0	8467.8603515625	13773.115234375	1706.4830322265625	53.10446548461914
sub-07_task-UA_acq-2500_run-1_bold	0.0005258333333333333	0.003924898717948717	0	28.769242686387077	1.0869000631612902	0.9857218068387099	0.5919967319724336	168.3209991455078	0.0572710395534128	0	0.0	2.7417670880471063	2.643410730039705	2.95534720076828	2.6265433333333332	0.00629532	0.01109637413173914	0.03961251676082611	156	76	76	42	2.620201479221769	2.5	2.526315689086914	2.526315689086914	3.0	37.74190215692011	151.276463131519	1567.0784912109375	972.61669921875	143842.0	834.7617462158203	4583.431469726557	1846.924072265625	2.370666659305516	4239.321509954371	13500.4033203125	12675.8408203125	51279.0	7269.143505859375	22581.060742187496	4837.68798828125	50.65443420410156
sub-07_task-loc_acq-1000_run-1_bold	0.00040630057803468203	0.008310631271676302	1	28.92039555168605	1.183392217034884	0.982343857151163	0.5555229413157381	1523.4561767578125	0.1035531019494025	2	1.1560693641618498	1.8288397031756565	1.7798013207229504	2.0251111221373526	1.6816066666666665	0.00974168	-0.006667550187557936	0.03293176740407944	173	76	76	42	6.449707461955716	1.0	2.526315689086914	2.526315689086914	3.0	18.318373422013096	210.74109396530423	670.6414794921875	273.7109375	144390.0	104.23403472900391	2681.788793945311	1035.899169921875	2.5548409775990235	1548.8581769256646	11109.84375	11077.486328125	51166.0	8533.90771484375	13858.146728515625	1717.5008544921875	59.57496643066406
sub-08_task-AA_acq-0500_run-1_bold	0.0003943589743589744	0.012569699294871794	0	42.62713408069324	1.2609126472785617	1.000687481219512	0.600835610365282	1490.7701416015625	0.09623303637740711	19	2.4358974358974357	1.8348352583864322	1.7629111117184604	2.015971330107503	1.7256233333333333	0.0184451	0.00965261459350586	0.057584404945373535	780	76	76	42	6.081325689458555	0.5	2.526315689086914	2.526315689086914	3.0	10.562188877076569	207.39821462080948	700.4926147460938	219.77589416503906	132707.0	62.56266288757324	3120.208813476562	1117.8572998046875	1.3382792532771468	1450.993761784166	8982.6474609375	8964.337890625	61108.0	6741.019848632813	11326.41298828125	1474.064208984375	42.699859619140625
sub-08_task-AA_acq-0750_run-1_bold	0.0014452895752895755	0.01181596916988417	2	36.569898310251396	1.2935618063636367	1.0038420012765954	0.6169122008055171	998.5131225585938	0.12070487145354755	28	5.405405405405405	1.8096035218095852	1.7440654859696025	1.9996550794591537	1.68509	0.0180747	0.005868144799023867	0.05831902474164963	518	76	76	40	6.207149483448779	0.75	2.526315689086914	2.526315689086914	3.0	9.72686552830364	298.8331072492814	920.2319946289062	323.5375061035156	123267.0	90.45667266845703	4009.163085937498	1384.9771728515625	1.5012043293739286	1675.8877956208958	10764.607421875	10743.388671875	60426.0	8124.2685546875	13531.46728515625	1730.79443359375	46.79651641845703
sub-08_task-AA_acq-1000_run-1_bold	0.0009215245478036175	0.013446374392764858	3	29.80976127974095	1.157237266113989	0.9620315624611396	0.6048685317767264	1170.3572998046875	0.13406820262363273	28	7.235142118863049	1.8282276193602816	1.7614702783278735	2.007049246419638	1.7161633333333333	0.0102839	0.009778288193047047	0.058353833854198456	387	76	76	42	6.019592591334334	1.0	2.526315689086914	2.526315689086914	3.0	10.04476894289217	314.37524015097694	974.0921020507812	332.6622314453125	132603.0	92.3732192993164	4245.226611328124	1493.1484375	1.4754789345248227	1903.6040583388972	11947.3369140625	11931.806640625	61194.0	8922.808056640624	15087.539794921875	1982.1456298828125	46.628780364990234
sub-08_task-AA_acq-2500_run-1_bold	0.0021515384615384617	0.0045376938461538455	0	30.586991550387086	1.1111098289032255	1.0077706485806452	0.6144842435561113	174.83970642089844	0.08642247997185967	10	6.410256410256411	2.827423130624639	2.700992607327803	2.9665334512127814	2.814743333333333	0.0212578	0.02183728665113449	0.06786852329969406	156	76	76	42	2.210978345533642	2.5	2.526315689086914	2.526315689086914	3.0	17.346292730198805	265.8860305758755	1934.189453125	974.0226440429688	128479.0	744.0731872558594	6895.931298828118	2509.211669921875	2.278129200317168	5310.534913460437	14589.2626953125	13354.365234375	59530.0	7218.9373779296875	26125.064062499994	6039.974609375	48.852256774902344
sub-08_task-UA_acq-0500_run-1_bold	0.00030920512820512816	0.013201784512820511	0	42.89639323851092	1.2523441283953791	0.9925844053786912	0.6024405676506505	1421.899658203125	0.09725888607692161	22	2.8205128205128207	1.836472550146372	1.7711206953780132	2.0148036217277694	1.7234933333333335	0.0174187	0.008913586847484112	0.05859725922346115	780	76	76	42	6.051487641993735	0.5	2.526315689086914	2.526315689086914	3.0	10.574286598759478	209.5887041992281	705.0562133789062	222.91766357421875	132548.0	65.28085708618164	3134.381604003906	1110.849853515625	1.3749322861502904	1447.4360232085578	8920.9501953125	8901.126953125	61240.0	6701.041748046875	11263.647802734375	1470.886962890625	41.85896682739258
sub-08_task-UA_acq-0750_run-1_bold	0.0019150192307692306	0.011009418057692308	0	36.92324469302505	1.287919418535645	1.0025981355105975	0.6159013217156861	1038.2813720703125	0.12426992423426271	28	5.384615384615385	1.8324473419182656	1.7624163200321326	2.031452372389331	1.7034733333333334	0.0176925	0.006719463970512152	0.05784158408641815	520	76	76	40	6.109479173422278	0.75	2.526315689086914	2.526315689086914	3.0	9.874967349216732	283.56132709740666	913.251708984375	316.3670654296875	123250.0	95.28398399353028	3999.2538574218684	1385.00048828125	1.3543992273648922	1705.7888708323974	10765.35546875	10736.1171875	60495.0	8085.778515625	13590.544238281249	1757.27392578125	48.09728240966797
sub-08_task-UA_acq-1000_run-1_bold	0.0011075578406169666	0.008256278920308483	1	29.45559494273194	1.212725863350516	1.0068270604639171	0.605553018254921	1134.2008056640625	0.12616292111445135	27	6.940874035989717	1.8194243552966436	1.7522552779617024	2.003071121261562	1.7029466666666666	0.0197699	0.00995250791311264	0.05748468637466431	389	76	76	42	5.961435242560917	1.0	2.526315689086914	2.526315689086914	3.0	10.024058412401406	308.94227083508457	982.2684936523438	334.6646728515625	132497.0	96.86007843017578	4315.970898437499	1511.59228515625	1.5066220683008664	1925.76418358825	11922.3134765625	11901.6259765625	61243.0	8891.370703125	15093.720703124996	1996.4200439453125	57.01322937011719
sub-08_task-UA_acq-2500_run-1_bold	0.0019186538461538466	0.004313516025641025	0	31.328516018838695	1.09917541116129	0.9991526327096771	0.6160577789064335	173.99562072753906	0.08065251469246713	7	4.487179487179487	2.8132967415224654	2.695973440461693	2.955450117439036	2.7884666666666664	0.0225641	0.022660739719867706	0.06823734939098358	156	76	76	42	2.2250915035589705	2.5	2.526315689086914	2.526315689086914	3.0	17.311178836220794	252.08934190128707	1963.6988525390625	976.38623046875	128642.0	767.2709838867188	7021.26945800781	2559.8671875	2.226635414946016	5273.127440590885	14544.298828125	13326.7294921875	59412.0	7221.394604492188	25984.578710937498	5989.24462890625	49.28632736206055
sub-08_task-loc_acq-1000_run-1_bold	0.0011570175438596494	0.008040487309941521	3	29.255857018764708	1.2135909520000001	1.0031599083529414	0.599708698244395	1311.656005859375	0.1165660917098338	5	2.9239766081871346	1.8037437298183245	1.730816943776486	1.988397579011821	1.6920166666666667	0.0181708	0.00916696060448885	0.05788266658782959	171	76	76	42	6.034009421221409	1.0	2.526315689086914	2.526315689086914	3.0	11.180025826527588	288.89631178105253	935.0982666015625	317.7159729003906	132852.0	93.8541130065918	4114.982519531249	1482.3687744140625	1.6039948796830945	1936.420387033759	12136.7939453125	12130.7861328125	60883.0	9053.18310546875	15300.971679687496	2010.3857421875	58.8034782409668
sub-10_task-AA_acq-0500_run-1_bold	0.00033746134020618554	0.014780285180412373	4	43.763140037225824	1.2791940464258056	1.0006534729677405	0.6269264503400397	1239.1734619140625	0.11037325368906177	52	6.701030927835052	1.7195221999616968	1.6510090239385375	1.9112575759465524	1.5963	0.00900971	0.0027020631823688745	0.052302077412605286	776	76	76	42	6.681970552685481	0.5	2.526315689086914	2.526315689086914	3.0	9.481973729439158	226.9891912961789	757.2461547851562	251.48092651367188	123966.0	83.02528953552246	3362.9619140625	1166.431640625	2.260243019471198	1290.5538324017466	9489.85546875	9458.0458984375	67784.0	7368.212744140625	11739.49921875	1415.4471435546875	44.76715850830078
sub-10_task-AA_acq-0750_run-1_bold	0.0012752307692307694	0.017464438846153847	0	35.27043788387283	1.248400069961463	0.9944676376300583	0.6380440153998141	978.4298095703125	0.14158545531146044	105	20.192307692307693	1.7234539360721264	1.6484638155040667	1.9137513260456454	1.6081466666666666	0.0130442	0.002211680868640542	0.05162962153553963	520	76	76	40	6.849666023505523	0.75	2.526315689086914	2.526315689086914	3.0	9.614361783581035	294.9754706586948	961.1265869140625	345.34576416015625	114941.0	122.46821594238281	4233.87353515625	1450.779052734375	2.3501511478791546	1527.1164814039953	11575.5791015625	11534.009765625	66993.0	9055.0908203125	14246.353320312499	1683.8665771484375	45.26595687866211
sub-10_task-AA_acq-1000_run-1_bold	0.002089179487179487	0.011119387846153846	0	29.60227899110539	1.2147071145758361	1.0314012736246794	0.6300191922751273	954.5140380859375	0.16353246532066326	130	33.333333333333336	1.7240714360907914	1.6576906908707099	1.9059336174016641	1.6085900000000002	0.0154415	0.0030736548360437155	0.052356649190187454	390	76	76	42	6.44003754729628	1.0	2.526315689086914	2.526315689086914	3.0	9.754077713005808	361.77889877003906	1074.4820556640625	394.8441467285156	123732.0	124.16609992980958	4647.660888671874	1608.500244140625	2.3090308576816785	1817.2070066945848	12951.4755859375	12909.62890625	68028.0	9980.27529296875	16134.6083984375	2004.5743408203125	53.99678039550781
sub-10_task-AA_acq-2500_run-1_bold	0.00160525641025641	0.0035834310897435904	0	34.58853091580645	1.1495837685161292	1.0103898441935484	0.6431540408486364	149.3580780029297	0.06813453863166122	6	3.8461538461538463	2.6901979181140496	2.530261767210236	2.821891987131913	2.7184399999999997	0.00615347	0.01906176283955574	0.057352401316165924	156	76	76	42	2.384737015440358	2.5	2.526315689086914	2.526315689086914	3.0	20.29949808960622	242.06784133423255	2092.04443359375	1086.0888671875	120302.0	890.0191131591797	6992.447143554682	2671.92236328125	1.3781621795993688	5228.904920218887	14843.927734375	13652.0517578125	65499.0	7779.440234375	25865.274023437498	5724.71826171875	52.1728401184082
sub-10_task-UA_acq-0500_run-1_bold	0.00041581514762516046	0.014288671501925547	1	43.85077165629823	1.2821320784318768	1.0032764376606693	0.6280718718196117	1156.01708984375	0.11476735758564638	69	8.857509627727856	1.7227299083825358	1.6536611073772554	1.9152119511036854	1.5993166666666667	0.00875663	0.0026487144641578197	0.05239924415946007	779	76	76	42	6.659713783514864	0.5	2.526315689086914	2.526315689086914	3.0	9.587767908044817	229.48829429034305	765.0776977539062	259.644287109375	123996.0	88.98670196533203	3356.4784545898438	1163.86669921875	2.16151517462694	1295.1739336510154	9471.55859375	9441.6748046875	67790.0	7344.230615234375	11733.641259765625	1417.7193603515625	45.356807708740234
sub-10_task-UA_acq-0750_run-1_bold	0.0005123653846153847	0.011449474788461539	0	37.244300651271736	1.3159272118497116	1.0048008484585746	0.6388477835418669	934.8881225585938	0.1319494516132322	95	18.26923076923077	1.7125472691940617	1.6391458984671394	1.9071092424483793	1.5913866666666667	0.0122575	0.0009836117969825864	0.05013388767838478	520	76	76	40	6.749911022514585	0.75	2.526315689086914	2.526315689086914	3.0	9.43335696164546	288.74517508105134	961.6256103515625	352.4382019042969	114905.0	132.15771484375	4199.715527343731	1432.615966796875	2.3472526557208013	1545.4781623952922	11546.3271484375	11513.353515625	67079.0	8997.5947265625	14252.0109375	1705.6917724609375	54.30370330810547
sub-10_task-UA_acq-1000_run-1_bold	0.0006024871794871794	0.009880104128205128	0	30.100351147377868	1.1954315464010292	1.0041011732133676	0.6304961580601606	931.4746704101562	0.1673802177218691	146	37.43589743589744	1.7281871306580268	1.658256732559869	1.9146379927475448	1.6116666666666666	0.0142142	0.0025503095239400864	0.05333619937300682	390	76	76	42	6.427282283395554	1.0	2.526315689086914	2.526315689086914	3.0	9.734178743698818	360.84372099738613	1074.7342529296875	396.4943542480469	123781.0	126.44884490966797	4625.12890625	1602.0997314453125	2.2293653915029585	1827.9457378026475	12924.3876953125	12880.4443359375	68125.0	9954.8001953125	16116.356249999997	2004.0118408203125	57.520076751708984
sub-10_task-UA_acq-2500_run-1_bold	0.0014900641025641028	0.003952546794871795	0	37.566434700451644	1.1603068438709672	1.0089131995483869	0.6433430921601293	148.08633422851562	0.09294381700995627	10	6.410256410256411	2.7056713907442824	2.5304517672177855	2.8525057383483943	2.734056666666667	0.0109267	0.01759384013712406	0.0552634671330452	156	76	76	42	2.3866140515228844	2.5	2.526315689086914	2.526315689086914	3.0	19.66720640931008	252.8177933086949	2108.6455078125	1098.94189453125	120634.0	891.9845367431641	7003.698583984371	2662.536865234375	1.3306212049011634	5269.333339894016	14958.544921875	13758.501953125	65236.0	7854.84130859375	26094.46435546875	5764.818359375	50.71271514892578
sub-10_task-loc_acq-1000_run-1_bold	0.0010754022988505748	0.009678640689655172	0	30.038726696531793	1.216781018728324	1.0186501060693645	0.6241888242433941	1125.19677734375	0.14605404398207836	49	28.160919540229884	1.7196678248800632	1.6575363158645755	1.898567158775614	1.6029	0.0168646	0.0031464453786611557	0.053163304924964905	174	76	76	42	6.470774100351269	1.0	2.526315689086914	2.526315689086914	3.0	10.734464150610455	321.8571487205627	1023.3680419921875	365.0684814453125	124400.0	122.32220726013183	4544.385644531246	1581.4212646484375	2.475256259731613	1827.1957495710208	13078.0986328125	13039.216796875	67410.0	10103.4265625	16265.57138671875	2015.078857421875	60.16777801513672
sub-11_task-AA_acq-0500_run-1_bold	0.00038327342747111683	0.015806362516046214	1	39.34860102994865	1.2208576804627242	1.0009645780462735	0.5356630790560444	2397.558349609375	0.0782652160075792	10	1.2836970474967908	1.7703590768970459	1.7032115260128788	2.005169038011592	1.6026966666666667	0.00949774	-0.01293185818940401	0.05428123474121094	779	76	76	42	6.946991809015094	0.5	2.526315689086914	2.526315689086914	3.0	16.15415969114654	143.59531631519278	531.142578125	174.8804931640625	150620.0	60.78210258483887	2324.733837890623	887.0428466796875	3.076377645091881	1156.1267670415743	8852.263671875	8857.5771484375	45920.0	6946.47998046875	10814.999755859373	1275.009521484375	43.128639221191406
sub-11_task-AA_acq-0750_run-1_bold	0.0001593063583815029	0.01204983294797688	1	24.60846857140923	1.046336273416988	0.9738103648841698	0.546160493650895	1899.41748046875	0.09771852421223978	7	1.348747591522158	1.761536507231609	1.681222983472466	2.0104732048890273	1.5929133333333334	0.00741382	-0.01350925862789154	0.05417642369866371	519	76	76	40	7.060605445967814	0.75	2.526315689086914	2.526315689086914	3.0	16.717646236786546	185.8142785988159	670.0409545898438	239.9830322265625	140583.0	89.76608810424806	2866.473071289062	1101.3536376953125	3.258977639513917	1358.7122706217276	10765.0078125	10763.6826171875	45611.0	8441.78955078125	13117.796875	1524.4534912109375	51.972957611083984
sub-11_task-AA_acq-1000_run-1_bold	0.0005131362467866324	0.01808744763496144	1	30.265117138788668	1.190671705438144	0.9508144263402067	0.5340151464778329	2351.42138671875	0.12726080701876588	52	13.367609254498715	1.7763124104291936	1.7061446511294307	2.0172459134914837	1.6055466666666665	0.0114093	-0.010880175046622753	0.05450589954853058	389	76	76	42	6.965195063778478	1.0	2.526315689086914	2.526315689086914	3.0	18.51886544128717	195.4571314816627	702.8841552734375	240.2495880126953	150778.0	85.86672248840333	2987.1876220703125	1191.3875732421875	3.0093757603706077	1540.7147236268513	11923.5830078125	11920.3876953125	45941.0	9337.45703125	14575.544921875	1711.4033203125	46.80780792236328
sub-11_task-AA_acq-2500_run-1_bold	0.0011830769230769232	0.004923558012820513	0	28.534837525999993	1.0678913978709679	0.9654053138064512	0.5782330449278347	213.65403747558594	0.06482997203190982	5	3.2051282051282053	2.6901515303045898	2.6060638535556735	2.8275840706914295	2.6368066666666667	0.00924188	-0.0028139406349509954	0.0659138411283493	156	76	76	42	2.6306217933539955	2.5	2.526315689086914	2.526315689086914	3.0	24.264267400613967	145.99405929208632	1568.46337890625	858.71923828125	148701.0	732.5161743164062	5167.92724609375	2089.083984375	1.5878939879319587	4423.366884571127	13464.564453125	12687.13671875	46237.0	7222.82919921875	22605.113281249993	4822.81396484375	48.67759323120117
sub-11_task-UA_acq-0500_run-1_bold	0.0004578865979381444	0.013952138530927836	4	39.28822980344517	1.2233727259483873	1.0056700692903227	0.5350449144483862	2438.3916015625	0.0837504295716312	15	1.9329896907216495	1.7536778959558674	1.690762567184868	1.988504454016068	1.5817666666666668	0.00809113	-0.012119609862565994	0.05381128937005997	776	76	76	42	6.914102484691335	0.5	2.526315689086914	2.526315689086914	3.0	15.905708274584718	142.16638648687587	529.5955810546875	173.61654663085938	150774.0	60.6424861907959	2314.070751953126	886.3444213867188	3.3344097243926614	1153.693286886542	8841.4404296875	8848.0966796875	45876.0	6924.8524169921875	10799.264404296875	1279.703369140625	45.30079650878906
sub-11_task-UA_acq-0750_run-1_bold	0.00034891891891891897	0.010121491351351352	2	25.18577837996133	1.0776504110251446	0.9980061619922628	0.5467139273332324	1851.81298828125	0.09281351688758607	4	0.7722007722007722	1.7556967153762466	1.6792675667280978	1.998182579400642	1.58964	0.00910808	-0.013838681392371655	0.05479823797941208	518	76	76	40	7.024023854463904	0.75	2.526315689086914	2.526315689086914	3.0	16.64544404969303	186.60961406168963	671.7109375	242.00543212890625	140536.0	89.98033332824707	2878.3848266601562	1097.5634765625	3.3018149876337457	1367.2053805960966	10740.1220703125	10742.736328125	45612.0	8408.2880859375	13098.744482421875	1529.410888671875	55.14965057373047
sub-11_task-UA_acq-1000_run-1_bold	0.00023352185089974293	0.010185808688946018	1	30.382858836701068	1.2478560789690722	0.9782257618556708	0.5349641608748579	2236.08447265625	0.09838261692402582	3	0.7712082262210797	1.7488976179031468	1.6781117333488358	1.9803977870272713	1.5881833333333333	0.00795039	-0.011533075012266636	0.054523978382349014	389	76	76	42	6.894520017062839	1.0	2.526315689086914	2.526315689086914	3.0	18.150264162786357	200.16677343498506	708.1506958007812	244.79879760742188	150593.0	86.12915802001953	3055.426953124999	1196.1627197265625	3.178828633776744	1546.7421387007173	11875.8203125	11872.384765625	46009.0	9295.46875	14521.99453125	1721.984375	56.82425308227539
sub-11_task-UA_acq-2500_run-1_bold	0.0028940384615384613	0.003928029679487179	0	30.26244065038712	1.157186124451613	1.0244216657419356	0.5783889952695843	210.47286987304688	0.07764031106838268	9	5.769230769230769	2.7003977112461874	2.6102953120571497	2.852497821681413	2.6384	0.0089909	-0.00290469778701663	0.06520143151283264	156	76	76	42	2.6181069793388785	2.5	2.526315689086914	2.526315689086914	3.0	24.43025697080457	139.3911676063681	1575.4395751953125	863.8101806640625	148798.0	742.9018341064453	5189.848046874999	2100.8857421875	1.6024676924941312	4432.704093269509	13445.8359375	12675.818359375	46233.0	7212.83837890625	22600.784765625	4841.54443359375	52.573020935058594
sub-11_task-loc_acq-1000_run-1_bold	0.0005578735632183908	0.007508128390804597	0	30.528987057167644	1.2981426115606929	1.012649273179191	0.5319408590176014	2312.992919921875	0.10020189119850606	0	0.0	1.7305035201695746	1.6602556909726338	1.9596482028694233	1.5716066666666666	0.0231069	-0.010538707487285137	0.053095463663339615	174	76	76	42	6.966227673019124	1.0	2.526315689086914	2.526315689086914	3.0	18.708817045555314	194.87716426097913	694.9107666015625	242.29273986816406	151065.0	86.36865692138672	2983.0734863281227	1187.94482421875	3.4486936923001386	1540.3274227543411	11964.3271484375	11966.41796875	45652.0	9386.68203125	14578.49599609375	1717.757080078125	64.52583312988281
sub-12_task-AA_acq-0500_run-1_bold	0.0031771794871794873	0.028746825384615385	0	45.46087302213095	1.2239890868421044	0.9847394776251606	0.6115430944679642	1605.2647705078125	0.13392744437129925	67	8.58974358974359	1.8944391490290002	1.82196153073158	2.0893192496887543	1.7720366666666667	0.0168033	-0.016285577788949013	0.08783623576164246	780	76	76	42	5.888626744975703	0.5	2.526315689086914	2.526315689086914	3.0	14.587977566926028	206.02020852286756	726.5186767578125	230.33729553222656	128074.0	72.66658554077148	3097.9557617187484	1156.07568359375	1.4454544280292172	1551.1218962309706	9734.0947265625	9649.6474609375	65459.0	7353.76904296875	12619.531640624999	1638.6798095703125	30.341991424560547
sub-12_task-AA_acq-0750_run-1_bold	0.010133115384615385	0.03272864634615384	0	41.212053012312126	1.145388162350674	1.0048710103853566	0.6242370027246963	1287.4613037109375	0.23990327357371213	89	17.115384615384617	1.8678698431193326	1.7937267379429636	2.0908194580817008	1.7190633333333334	0.0258263	-0.015299826860427856	0.08947282284498215	520	76	76	40	6.066256064832727	0.75	2.526315689086914	2.526315689086914	3.0	11.567481403232808	276.0034966979059	907.6589965820312	306.7989196777344	118513.0	92.03185424804687	3814.640673828124	1381.9974365234375	1.2609443843189343	1750.2901030472296	11506.9423828125	11388.548828125	65011.0	8798.8701171875	14856.8564453125	1877.345947265625	28.592308044433594
sub-12_task-AA_acq-1000_run-1_bold	0.007492666666666666	0.03216611179487179	0	36.31335340866323	0.977986428200514	0.9171450622107973	0.6166899354699011	1117.5634765625	0.2856751496154366	96	24.615384615384617	1.9580096380626129	1.9306296600496633	2.2012925874715084	1.7421066666666667	0.0188706	-0.019585467875003815	0.09681692719459534	390	76	76	42	5.531110272548928	1.0	2.526315689086914	2.526315689086914	3.0	13.167634104788853	348.97770002500266	1063.4896240234375	377.97064208984375	127552.0	108.72649421691895	4315.664990234375	1594.46923828125	1.1325386489866087	2234.3553838281214	13211.9892578125	13074.64453125	65954.0	9710.945654296875	17387.75498046875	2363.8193359375	28.780994415283203
sub-12_task-AA_acq-2500_run-1_bold	0.0066155128205128205	0.01290517705128205	0	45.47119134464516	1.074626984	0.9663981530967741	0.6206972715907226	179.3625030517578	0.22269922414025883	43	27.564102564102566	2.7636131996007265	2.6943069820621406	2.937859283406706	2.658673333333333	0.0210432	-0.010394502431154251	0.09320872277021408	156	76	76	42	2.2068088355946953	2.5	2.526315689086914	2.526315689086914	3.0	22.395116976928467	228.84721746207373	2131.503173828125	1053.5570068359375	125561.0	850.7857666015625	7615.9736328125	2859.67822265625	1.953581137293865	5661.2745836055	15933.0126953125	14419.9921875	63335.0	8170.122900390625	28718.788085937496	6534.26708984375	31.01409149169922
sub-12_task-UA_acq-0500_run-1_bold	0.0052776447876447885	0.0327808731016731	3	45.584720154432915	1.2549846851804105	1.0133403083118557	0.6153973585922311	1470.3525390625	0.14002941989698467	65	8.365508365508365	1.8962715108434078	1.853208615306561	2.1111692505569954	1.7244366666666666	0.0140495	-0.019932907074689865	0.08638035506010056	777	76	76	42	5.795865599457232	0.5	2.526315689086914	2.526315689086914	3.0	14.52855686574993	216.34860883504302	747.2655639648438	240.5230712890625	127283.0	75.52096557617188	3150.7089111328114	1173.271240234375	1.2427447056744843	1565.7162618193852	9712.412109375	9615.173828125	66182.0	7306.702368164062	12656.518994140624	1658.9586181640625	28.548141479492188
sub-12_task-UA_acq-0750_run-1_bold	0.0035635576923076923	0.03299597346153846	0	39.89689228321773	1.1748270444701352	0.954899771926782	0.6285588604054185	1116.649169921875	0.15836055314074873	41	7.884615384615385	1.8617253289027038	1.7813450707842933	2.078457582590484	1.7253733333333334	0.0167362	-0.021631253883242607	0.09112801402807236	520	76	76	40	6.015046322558423	0.75	2.526315689086914	2.526315689086914	3.0	11.636532746337254	283.4239732862241	933.6906127929688	322.31695556640625	118089.0	104.17498168945312	3877.6521972656233	1398.712158203125	1.311916618494168	1758.5023293981708	11475.443359375	11349.0048828125	65327.0	8763.5138671875	14839.037402343749	1886.7548828125	32.522457122802734
sub-12_task-UA_acq-1000_run-1_bold	0.010000153846153846	0.02374082923076923	0	33.15371207899742	1.1095717887146521	0.9999144146272501	0.6153702541749775	1156.6556396484375	0.2058916616581515	49	12.564102564102564	1.9475386643550483	1.883707574851814	2.1360750848799976	1.8228333333333333	0.0148711	-0.017772505059838295	0.0976012721657753	390	76	76	42	5.5861133631850235	1.0	2.526315689086914	2.526315689086914	3.0	13.439574295104716	335.0051876131977	1039.1060791015625	365.0725402832031	128078.0	107.23237648010254	4241.827026367187	1575.124267578125	1.0114685092796298	2200.792686535955	13231.7890625	13122.560546875	65796.0	9731.294921875	17385.06884765625	2349.121826171875	33.26724624633789
sub-12_task-UA_acq-2500_run-1_bold	0.0042197435897435905	0.007580426858974358	0	37.07641464967742	1.0799131307741938	0.973122283935484	0.6208959573632158	178.8758087158203	0.11564236182025776	12	7.6923076923076925	2.804905699775004	2.7183380246837148	2.9269857413079636	2.7693933333333334	0.024501	-0.010453332215547562	0.09371747076511383	156	76	76	42	2.2018305514110437	2.5	2.526315689086914	2.526315689086914	3.0	22.047323445471953	219.53073117018872	2161.5390625	1055.832763671875	125475.0	868.2766662597656	7811.568261718749	2927.40869140625	1.8510338224504999	5721.421323216007	15977.783203125	14468.341796875	63281.0	8147.95947265625	28841.712890625	6570.99951171875	39.00804138183594
sub-12_task-loc_acq-1000_run-1_bold	0.003976954022988505	0.021501651724137927	0	31.01848648641618	1.0936780859537574	0.9740284659537576	0.6134256521565906	1176.9228515625	0.1519075698835929	32	18.39080459770115	1.8762560236465233	1.8097936135814037	2.0726111240248333	1.7463633333333333	0.0237026	-0.02305864356458187	0.0928485319018364	174	76	76	42	5.659453384328968	1.0	2.526315689086914	2.526315689086914	3.0	16.86194430367526	322.13969511350746	1016.8480224609375	363.4317321777344	127927.0	113.18757781982421	4132.051806640624	1581.9019775390625	1.3472342033393616	2174.2781411966066	13330.1953125	13204.6337890625	65333.0	9918.5498046875	17417.7109375	2333.181640625	37.65126037597656
sub-15_task-AA_acq-0500_run-1_bold	0.0031001666666666673	0.025495336025641024	0	45.35965138189987	1.2842218604621307	1.0087612455070614	0.5533868493878458	2768.43798828125	0.22228473323714154	270	34.61538461538461	1.9200867881021282	1.7833123625291332	2.1418780017772514	1.83507	0.029144	-0.026880938559770584	0.06791483610868454	780	76	76	42	5.914426404160096	0.5	2.526315689086914	2.526315689086914	3.0	25.70629945649696	152.80854122667057	522.1278076171875	185.8795623779297	140706.0	62.213483810424805	2116.86474609375	903.677978515625	0.6345534970704358	1752.4343744198925	10223.244140625	10260.4091796875	54733.0	7474.8283203125	12951.934374999999	1734.794677734375	31.169662475585938
sub-15_task-AA_acq-0750_run-1_bold	0.002988188824662813	0.027017092870905587	1	40.76112041691121	1.1965139047490354	0.9456747565444019	0.5637293090252331	2183.344970703125	0.26613180775694933	218	42.00385356454721	1.906260885314756	1.7748059038577837	2.1496600854198173	1.7943166666666668	0.0227271	-0.027309831231832504	0.06986434757709503	519	76	76	40	6.0437537125284795	0.75	2.526315689086914	2.526315689086914	3.0	25.943534190373217	200.6377783512034	660.1878662109375	257.96185302734375	131374.0	90.28348884582519	2555.068212890623	1115.3175048828125	0.8996013828156757	2059.764494061797	12417.283203125	12458.4677734375	54181.0	9132.3857421875	15638.3056640625	2061.360107421875	33.63079833984375
sub-15_task-AA_acq-1000_run-1_bold	0.0016837532133676092	0.012877402005141387	1	30.899075360695893	1.3159236050515464	0.9987258243041238	0.5517837310452408	2527.801513671875	0.15585689989907864	83	21.336760925449873	1.8327106054794147	1.7167609015512826	2.052364248220295	1.7290066666666668	0.0110495	-0.025247355923056602	0.06567247211933136	389	76	76	42	5.88275691573435	1.0	2.526315689086914	2.526315689086914	3.0	26.694137004981467	215.90286217958152	687.583251953125	261.93023681640625	140757.0	83.11178436279297	2692.6305175781154	1210.9468994140625	0.8851191627353643	2321.691368615696	13708.001953125	13711.6123046875	54722.0	10057.09150390625	17372.4939453125	2330.792724609375	52.169677734375
sub-15_task-AA_acq-2500_run-1_bold	0.010618910256410258	0.037761760897435895	0	121.14843702012902	1.1705763620645173	0.9547738902580651	0.5723072117804648	242.96922302246094	1.323254250496709	142	91.02564102564102	2.9136008414438366	2.8239701122144902	3.0312324121170207	2.8856	0.0786725	-0.019785823300480843	0.07840507477521896	156	76	76	42	2.171168545103049	2.5	2.526315689086914	2.526315689086914	3.0	23.909478108587308	170.82588188032292	1489.0177001953125	890.7637939453125	139088.0	742.2145568847657	4632.438208007808	1702.7314453125	2.2333206773977663	5668.036060519974	15167.046875	13874.6103515625	55689.0	7272.08759765625	27339.029296875	6390.3310546875	14.993916511535645
sub-15_task-UA_acq-0500_run-1_bold	0.0017230680359435174	0.0348462785622593	1	47.615074520578474	1.162707428393316	0.9477017123778919	0.5550494535311489	2646.630126953125	0.2978145877120919	333	42.74711168164313	2.014505054671082	1.8674427825388424	2.2600857148077376	1.9159866666666667	0.0349096	-0.026327015832066536	0.07307982444763184	779	76	76	42	5.843063881909079	0.5	2.526315689086914	2.526315689086914	3.0	23.820598081258904	164.51943824561937	543.9434814453125	191.6746826171875	140957.0	58.27564926147461	2189.5736816406247	929.6529541015625	0.5235409142548475	1802.3035243350269	10201.474609375	10233.9765625	54788.0	7439.59169921875	12966.69423828125	1751.4583740234375	26.200809478759766
sub-15_task-UA_acq-0750_run-1_bold	0.003252980769230769	0.01397079971153846	0	38.41284094441235	1.3602619004816956	1.0097513842389205	0.5645193821820574	2121.52685546875	0.173941028689324	134	25.76923076923077	1.8736219955442037	1.7498169445314782	2.1080857087678	1.7629633333333334	0.0259656	-0.028353415429592133	0.06984693557024002	520	76	76	40	5.980480265408676	0.75	2.526315689086914	2.526315689086914	3.0	27.526817092059364	197.79635409666525	657.3220825195312	258.8428649902344	131139.0	94.74263000488281	2531.8900146484366	1105.7525634765625	0.8944968841793619	2090.492293752563	12406.166015625	12444.7451171875	54247.0	9096.39638671875	15666.024902343748	2080.874755859375	45.56070327758789
sub-15_task-UA_acq-1000_run-1_bold	0.008315192802056556	0.016932547455012853	1	32.821533385103116	1.2400352768041232	1.0451716088917522	0.552260896715357	2539.373779296875	0.2331799199687299	160	41.131105398457585	1.8550515089047555	1.7282163186731465	2.08979820804112	1.74714	0.0203841	-0.025509513914585114	0.06725963950157166	389	76	76	42	5.877664400055731	1.0	2.526315689086914	2.526315689086914	3.0	26.725842215673843	215.99014061218338	696.3270263671875	262.43804931640625	140809.0	83.846435546875	2748.7885742187505	1222.284423828125	0.8945849541769801	2317.444089701647	13696.2001953125	13708.16015625	54762.0	10036.986376953126	17346.85078125	2332.224853515625	42.89625549316406
sub-15_task-UA_acq-2500_run-1_bold	0.0059594230769230766	0.01960113717948718	0	76.76981394406454	1.0780854458709686	0.9156440189032257	0.5688605932944499	243.2747039794922	0.7055011818358484	123	78.84615384615384	2.8351904222109305	2.7382603171420223	2.923197616157437	2.844113333333333	0.0489414	-0.015188271179795265	0.0772370994091034	156	76	76	42	2.1569027553948845	2.5	2.526315689086914	2.526315689086914	3.0	26.394986507519892	178.60814091917737	1450.9698486328125	876.5474853515625	140615.0	707.4531433105469	4431.93271484375	1676.3511962890625	2.4327533064293982	5529.454016920976	14994.43359375	13699.2958984375	54756.0	7214.6461181640625	27164.1015625	6351.31591796875	20.61756134033203
sub-15_task-loc_acq-1000_run-1_bold	0.0017436206896551724	0.010373826379310344	0	29.16869549387283	1.3073057298265904	1.0049160665317929	0.5510779368171993	2577.60986328125	0.14087320619459243	38	21.839080459770116	1.8112442854028215	1.6976659007925154	2.0237336220826156	1.7123333333333333	0.012239	-0.025719022378325462	0.06479303538799286	174	76	76	42	5.89113467824909	1.0	2.526315689086914	2.526315689086914	3.0	27.037595179149594	215.90240972529122	686.0241088867188	260.6195068359375	140898.0	82.17642250061036	2695.00634765625	1210.7313232421875	1.0075454943973563	2314.3608851857216	13753.158203125	13758.47265625	54591.0	10111.15283203125	17412.2158203125	2335.432373046875	58.80561828613281
sub-16_task-AA_acq-0500_run-1_bold	0.00021365038560411308	0.011599413367609255	2	39.24984060755473	1.2445185790733613	0.9963631219305015	0.5954758117959263	2019.508056640625	0.07805457665046815	3	0.3856041131105398	1.8764485240112265	1.8316436144496444	2.078295290917368	1.7194066666666667	0.00522379	-0.01310430932790041	0.0675501674413681	778	76	76	42	5.993709657018782	0.5	2.526315689086914	2.526315689086914	3.0	17.31081441299163	178.3275966364673	668.4644165039062	203.49281311035156	132071.0	69.1637954711914	2819.204345703125	1096.519775390625	1.2803418489508207	1524.0629578895146	9637.98046875	9579.6015625	61766.0	7247.09228515625	12290.997802734375	1598.262939453125	45.63758850097656
sub-16_task-AA_acq-0750_run-1_bold	0.00037457364341085276	0.010606856937984495	4	29.540450824019405	1.1789277781165042	0.9902378186796118	0.6035789605923542	1641.0347900390625	0.07541817624197135	0	0.0	1.828545536782255	1.7691415286327015	2.0564017483807304	1.6600933333333332	0.0146064	-0.011979646980762482	0.06946559250354767	516	76	76	40	6.19155369176348	0.75	2.526315689086914	2.526315689086914	3.0	16.091685350406504	207.308979323402	778.5908203125	254.64425659179688	123502.0	93.2540382385254	3198.7533569335938	1232.583984375	1.7772121235435652	1595.3407969686461	10881.146484375	10799.6552734375	60067.0	8282.151171875	13765.06748046875	1744.2415771484375	52.35134506225586
sub-16_task-AA_acq-1000_run-1_bold	0.0003539074550128535	0.0075827594601542425	1	27.555201476005166	1.2188745294587635	1.0024978720618565	0.5938403120698769	1823.0408935546875	0.0987799660624582	1	0.2570694087403599	1.8343603977743503	1.7798448623913472	2.0367129975983698	1.6865233333333334	0.0118957	-0.012019829824566841	0.06748684495687485	389	76	76	42	5.912455431886233	1.0	2.526315689086914	2.526315689086914	3.0	20.834793321706346	242.57862263824825	870.086669921875	285.0599365234375	132182.0	95.51441192626953	3614.3593627929686	1435.8880615234375	1.7268902964760544	1987.572335352796	12797.1484375	12692.5654296875	61750.0	9616.673486328125	16332.473388671871	2146.73291015625	61.55387496948242
sub-16_task-AA_acq-2500_run-1_bold	0.003518910256410256	0.0035782087179487177	0	27.132939960000005	1.112124593935484	1.015769484387097	0.6066172863907987	214.38157653808594	0.04696399893637054	0	0.0	2.7732902822756436	2.692216981979091	2.890240531514507	2.737413333333333	0.0159704	-0.0161033533513546	0.08066483587026596	156	76	76	42	2.315827082058754	2.5	2.526315689086914	2.526315689086914	3.0	22.661473506867658	228.38625703110037	1952.754638671875	956.38330078125	132311.0	764.495849609375	6904.6875	2577.57568359375	1.4575761184404907	5734.71044866772	15541.9892578125	14305.720703125	58720.0	7771.498364257813	27213.988378906233	6177.3173828125	51.8885498046875
sub-16_task-UA_acq-0500_run-1_bold	0.00021549549549549547	0.010304880270270272	3	38.53153421960045	1.2363378642654637	0.9997073851546375	0.5969615975948155	1887.9075927734375	0.07805035261945972	3	0.3861003861003861	1.86855428768122	1.8200734056565526	2.073339457387108	1.71225	0.0061521	-0.012429620139300823	0.06613869220018387	777	76	76	42	5.983445325298613	0.5	2.526315689086914	2.526315689086914	3.0	16.2748180528312	187.45673857376858	687.0355224609375	209.87481689453125	132140.0	69.01540145874023	2910.4561401367173	1122.880126953125	1.1956303824969607	1534.8111000468157	9658.16015625	9597.068359375	61656.0	7248.0164794921875	12346.031494140625	1603.923828125	48.02065658569336
sub-16_task-UA_acq-0750_run-1_bold	0.00036158301158301163	0.011109857027027027	2	28.98141123139267	1.1647726600967119	0.990770346054159	0.6044092550571466	1617.36328125	0.08389052747268501	1	0.19305019305019305	1.8415180371243087	1.780624654089	2.070742790617259	1.6731866666666668	0.00868656	-0.01168594229966402	0.07018470019102097	518	76	76	40	6.163676512355255	0.75	2.526315689086914	2.526315689086914	3.0	15.73617140959949	208.9816689006264	780.184326171875	254.63861083984375	123358.0	92.67957649230956	3211.18956298828	1234.8223876953125	1.566365693888856	1610.2001197894692	10825.380859375	10733.3251953125	60216.0	8227.481689453125	13741.670654296875	1741.369140625	51.72303009033203
sub-16_task-UA_acq-1000_run-1_bold	0.0005724421593830334	0.010982582005141388	1	28.02085717685567	1.1974124236597934	0.9833884329896903	0.5950369441077111	1750.5267333984375	0.10038326021792654	7	1.7994858611825193	1.8599447735186991	1.8116263219875623	2.061127998568535	1.7070800000000002	0.008783	-0.012019006535410881	0.0673384740948677	389	76	76	42	5.895779663779808	1.0	2.526315689086914	2.526315689086914	3.0	20.217134109503466	248.0369916068632	877.1375732421875	289.37384033203125	132078.0	96.06514472961426	3619.4424560546827	1433.701416015625	1.6380892463081764	2000.1759020638224	12744.3154296875	12639.142578125	61746.0	9561.326904296875	16302.85205078125	2143.74365234375	53.41333770751953
sub-16_task-UA_acq-2500_run-1_bold	0.0007457051282051281	0.0031849698717948717	0	27.496340486903236	1.0960884085161293	0.9922496933548388	0.6077614685828562	210.12808227539062	0.04322421061269094	0	0.0	2.7270873646452087	2.6490988552657306	2.8605965720032285	2.6715666666666666	0.0102744	-0.016977669671177864	0.08106358349323273	156	76	76	42	2.303795590036033	2.5	2.526315689086914	2.526315689086914	3.0	23.35471334364596	238.11393378202405	1964.00537109375	959.86767578125	132054.0	764.3682830810546	6938.914916992185	2599.975830078125	1.5538818634944445	5715.849982066779	15443.8916015625	14211.48046875	59076.0	7701.267822265625	27045.373046875	6168.67236328125	54.35990524291992
sub-16_task-loc_acq-1000_run-1_bold	0.000606264367816092	0.007482648563218391	0	27.04112868797687	1.2011629327167634	1.0030944865317915	0.5913761287667629	1928.485107421875	0.0929257451108095	1	0.5747126436781609	1.8282261615584314	1.7773511122922545	2.0312940390497065	1.6760333333333335	0.0128881	-0.01099022664129734	0.06492073088884354	174	76	76	42	5.959648983855605	1.0	2.526315689086914	2.526315689086914	3.0	20.94978793138627	233.42059715018897	855.2852172851562	279.6700439453125	132388.0	95.56274070739747	3557.4278808593745	1431.416015625	1.7770504742213156	1990.169061015774	12919.3916015625	12813.9853515625	61485.0	9714.1888671875	16435.0609375	2150.106689453125	62.340396881103516
sub-21_task-AA_acq-0500_run-1_bold	0.0002470731707317073	0.015052298587933248	1	43.40082185249361	1.262685666066839	0.9936138358097681	0.5929297155858028	1611.8914794921875	0.10444179417641623	39	5.006418485237484	1.813065396579365	1.717069651563551	2.009269871507878	1.7128566666666665	0.00700715	-0.011498424224555492	0.05087176710367203	779	76	76	42	6.593956626492259	0.5	2.526315689086914	2.526315689086914	3.0	14.410395893132886	172.5055279422609	576.1738891601562	191.5967254638672	134033.0	60.97060623168945	2463.2062011718726	915.1599731445312	1.5771699982408522	1162.242863156342	8110.3447265625	8088.58935546875	59451.0	6251.451171875	10121.22216796875	1226.65673828125	43.165523529052734
sub-21_task-AA_acq-0750_run-1_bold	0.00015926499032882011	0.010283341721470019	3	38.12783864482559	1.3227637555813954	0.9940023761046506	0.6074837998039598	1108.4473876953125	0.11979718865981871	34	6.576402321083172	1.787866020952879	1.6865152753494292	1.9925261208425413	1.6845566666666667	0.00504029	-0.014199715107679367	0.05027684569358826	517	76	76	40	6.680485944680685	0.75	2.526315689086914	2.526315689086914	3.0	13.32745161888256	242.02454145864937	750.3817138671875	278.8509521484375	124595.0	90.88557586669923	3151.93439941406	1144.247802734375	1.7096125085978482	1371.0233708794942	9800.517578125	9781.21875	58959.0	7608.2705078125	12213.06220703125	1464.1353759765625	54.848175048828125
sub-21_task-AA_acq-1000_run-1_bold	0.00024433333333333333	0.01021157364102564	0	31.90329550223649	1.2452072261696665	0.9893173873521849	0.5986512661783556	1168.270263671875	0.1373886889377775	67	17.17948717948718	1.7868862290790615	1.6822679835139902	1.9811340370565271	1.6972566666666669	0.00835668	-0.012885866686701775	0.0510932132601738	390	76	76	42	6.485424722478054	1.0	2.526315689086914	2.526315689086914	3.0	14.163804386597171	268.59082494609567	827.4620971679688	300.56268310546875	133987.0	93.2428367614746	3477.8041992187495	1279.481689453125	1.7120385016082764	1564.906911584869	10841.1337890625	10805.5634765625	59615.0	8370.49443359375	13570.732910156246	1666.116455078125	56.061370849609375
sub-21_task-AA_acq-2500_run-1_bold	0.0016132051282051285	0.003546710705128205	0	26.02073860174193	1.0799477446451622	1.0024862239354841	0.6164549505663368	179.81517028808594	0.032658859919145355	0	0.0	2.781214865941488	2.67354156457033	2.9340196999208015	2.736083333333333	0.00756817	-0.0034067456144839525	0.05634034052491188	156	76	76	42	2.3883900877640607	2.5	2.526315689086914	2.526315689086914	3.0	20.659188244818022	201.9163689302058	1825.6781005859375	906.1507568359375	130986.0	744.0018157958984	6548.79541015625	2445.23388671875	1.669567613045034	4809.951069485276	13482.4501953125	12502.5810546875	58071.0	6871.62744140625	23439.984375	5234.6865234375	53.327308654785156
sub-21_task-UA_acq-0500_run-1_bold	0.00015059202059202059	0.014926649034749034	3	42.77777987393042	1.2465366356572174	0.9905542277448449	0.5945296357670798	1513.3660888671875	0.10138314768016217	28	3.6036036036036037	1.817227618963491	1.71934965165415	2.0192132052363236	1.71312	0.00678616	-0.011635413393378258	0.05081780627369881	777	76	76	42	6.558301737020637	0.5	2.526315689086914	2.526315689086914	3.0	13.782389149418325	179.71086251553413	587.3762817382812	196.85400390625	134086.0	61.66160297393799	2509.2606811523438	925.5440673828125	1.5840051391591503	1166.916173030152	8087.5146484375	8065.87109375	59476.0	6221.1007080078125	10100.13818359375	1229.861572265625	43.02745819091797
sub-21_task-UA_acq-0750_run-1_bold	0.00046154440154440155	0.010559158610038609	2	38.072039384835605	1.3354903810638294	1.0058751195938105	0.6085476904131883	1086.5438232421875	0.11459398389778946	13	2.5096525096525095	1.7932007432361299	1.6987821508368712	1.984866745538185	1.6959533333333334	0.00570264	-0.014449632726609707	0.050513505935668945	518	76	76	40	6.660540563566544	0.75	2.526315689086914	2.526315689086914	3.0	13.242927040808652	247.00145947261828	759.147705078125	281.5768737792969	124541.0	89.74994659423828	3179.491455078125	1154.719970703125	1.532800308361229	1379.9283952397666	9780.0810546875	9754.8955078125	59044.0	7584.20087890625	12210.55087890625	1464.5677490234375	53.87898254394531
sub-21_task-UA_acq-1000_run-1_bold	0.0006240512820512819	0.011059801256410257	0	30.54649390768639	1.2299056749871473	1.0013907672750644	0.5988149720613253	1170.622802734375	0.1295818633663141	39	10.0	1.7864269930162384	1.6850863169593142	1.9819613287560673	1.6922333333333333	0.00596601	-0.012321495451033115	0.051514867693185806	390	76	76	42	6.474674067198727	1.0	2.526315689086914	2.526315689086914	3.0	14.17376512379375	267.46903240140205	830.1403198242188	299.3929138183594	133976.0	93.18915939331055	3495.3173828125	1285.4820556640625	1.7983913176017179	1559.200920038843	10826.46875	10785.96484375	59605.0	8356.541796875	13557.725976562497	1665.85595703125	54.388671875
sub-21_task-UA_acq-2500_run-1_bold	0.0013841666666666668	0.00436993814102564	0	26.882739245677417	1.0737175730322583	0.9826681246451614	0.61675094039723	179.4566192626953	0.03462300416869892	0	0.0	2.7889136161550883	2.6851236483638945	2.9385638667680367	2.7430533333333336	0.00777995	-0.0027830712497234344	0.05627009645104408	156	76	76	42	2.3822697218884095	2.5	2.526315689086914	2.526315689086914	3.0	20.473926516472087	226.1671497188193	1832.1348876953125	907.8882446289062	130759.0	718.694873046875	6575.714794921874	2455.377685546875	1.7084751110959493	4824.475214167834	13510.978515625	12529.271484375	58144.0	6877.332080078125	23510.230859375	5259.3388671875	48.58805847167969
sub-21_task-loc_acq-1000_run-1_bold	0.0005013953488372093	0.008950510813953488	2	31.068549340409344	1.244739010233918	0.9926823345614035	0.5932117134608865	1317.7940673828125	0.1277747401096038	17	9.883720930232558	1.766443173067784	1.6735675665016003	1.955428619368419	1.6703333333333334	0.0105764	-0.012247122824192047	0.05140622332692146	172	76	76	42	6.54109299077774	1.0	2.526315689086914	2.526315689086914	3.0	15.646479100615863	249.25409364781171	782.9947509765625	285.1460876464844	134165.0	91.03647918701172	3287.307226562498	1236.00927734375	1.966441752458266	1533.7433079216712	10945.947265625	10917.6328125	59410.0	8459.4978515625	13676.4048828125	1669.06982421875	61.18504333496094
sub-22_task-AA_acq-0500_run-1_bold	0.002121454311454311	0.014040554800514802	3	41.6188094640593	1.2744442851159803	1.0070602752835043	0.6213659271703443	1472.8927001953125	0.12609735179898435	85	10.939510939510939	1.8565634532252553	1.7817646541342993	2.0268923722081333	1.7610333333333335	0.0119338	-0.006557249464094639	0.06431180983781815	777	76	76	42	5.601988617148062	0.5	2.526315689086914	2.526315689086914	3.0	15.207898789594473	228.45489434694122	645.4607543945312	233.60292053222656	122259.0	58.96020202636719	2578.975366210937	1014.3319091796875	1.1323536921558626	1561.385731315918	9405.615234375	9352.1044921875	70939.0	6843.816943359375	12250.515332031247	1669.4140625	41.72150421142578
sub-22_task-AA_acq-0750_run-1_bold	0.00027725338491295934	0.008290387156673115	3	34.00243081961238	1.28594838383721	0.9990506456782944	0.6359833519468008	967.1340942382812	0.13153061925148074	61	11.798839458413926	1.8282356052231368	1.7506956945663967	1.9990811211030133	1.73493	0.00761072	-0.011302335187792778	0.06535401940345764	517	76	76	40	5.654124340124309	0.75	2.526315689086914	2.526315689086914	3.0	15.3701009704337	319.95960067240884	843.9356079101562	342.1899108886719	113127.0	94.39520797729492	3301.073706054687	1266.677734375	1.4223917382940376	1849.789507012212	11305.2783203125	11227.8388671875	70161.0	8288.05078125	14658.4609375	1985.764404296875	57.254371643066406
sub-22_task-AA_acq-1000_run-1_bold	0.0006750904392764858	0.008231181395348838	3	27.458827567357503	1.1754097317875645	1.0051384934974086	0.6254473407029224	1040.59423828125	0.14133526634948543	54	13.953488372093023	1.836926369291179	1.764312361774141	1.998990079432729	1.7474766666666666	0.0109267	-0.008371412754058838	0.06792262196540833	387	76	76	42	5.31495027946638	1.0	2.526315689086914	2.526315689086914	3.0	17.28901227407391	353.6240153447167	906.6425170898438	363.14276123046875	121936.0	89.83661079406738	3509.8182983398438	1383.717529296875	1.741168814341992	2077.4811562168197	12440.1630859375	12294.5380859375	71322.0	8966.946044921875	16386.50693359375	2313.182861328125	57.6370964050293
sub-22_task-AA_acq-2500_run-1_bold	0.001113974358974359	0.004866324743589744	0	28.344077559483882	1.0604035783870966	0.9616441573548391	0.6046522960939467	160.76380920410156	0.058064280030322955	3	1.9230769230769231	3.013952719955023	2.92251678279705	3.197771377068018	2.9215699999999996	0.0141904	-0.014219572767615318	0.06761619448661804	156	76	76	42	1.722606153345918	2.5	2.526315689086914	2.526315689086914	3.0	21.566280323075496	393.0256861545114	2096.45068359375	1061.7470703125	121411.0	744.9930114746094	6974.809326171875	2621.885986328125	4.173708594512149	5890.719583675938	16344.9658203125	14053.19921875	64318.0	7853.2830078125	32767.315820312484	8158.0400390625	45.505680084228516
sub-22_task-UA_acq-0500_run-1_bold	0.00027722007722007723	0.012204848095238094	3	41.8897506330799	1.2620142365979379	0.9910772901159799	0.6234007573151934	1335.11083984375	0.12271880977504039	69	8.88030888030888	1.8625199811587505	1.7857506959593574	2.034662580850227	1.7671466666666669	0.00693996	-0.007564904633909464	0.06500879675149918	777	76	76	42	5.554718935589269	0.5	2.526315689086914	2.526315689086914	3.0	14.919197290529034	233.58562419690287	655.1807861328125	241.17579650878906	121958.0	63.90888481140137	2619.648571777342	1016.216796875	1.129005934817278	1576.5519991272913	9356.5986328125	9305.765625	71127.0	6792.6943359375	12192.973437499997	1675.2783203125	44.08322525024414
sub-22_task-UA_acq-0750_run-1_bold	0.0007542359767891682	0.008683496266924566	3	34.057999832771344	1.289472546976743	1.0116177203100776	0.6363298391856871	950.2063598632812	0.13958945867691236	105	20.309477756286267	1.841024494372917	1.7622500700255264	2.0072234130932256	1.7535999999999998	0.00755517	-0.010743269696831703	0.06490473449230194	517	76	76	40	5.628604162042789	0.75	2.526315689086914	2.526315689086914	3.0	15.18339345667384	328.0809402677829	850.982177734375	347.1739807128906	113157.0	93.09647064208984	3328.9258789062474	1268.4454345703125	1.3615030461540902	1862.4227547246833	11304.93359375	11229.427734375	70150.0	8275.279248046874	14678.969140625	1995.0501708984375	55.588111877441406
sub-22_task-UA_acq-1000_run-1_bold	0.0005163659793814433	0.013009333195876287	2	27.63865548273904	1.119367595633075	0.9598144396640826	0.6264132653779684	998.7855224609375	0.1529341034495054	101	26.030927835051546	1.8597224810452915	1.786182154309835	2.02566528882604	1.76732	0.0054485	-0.008276878856122494	0.06907599419355392	388	76	76	42	5.2819611588410496	1.0	2.526315689086914	2.526315689086914	3.0	17.228043403575047	373.5685398025387	914.7500610351562	371.51263427734375	121822.0	82.6420783996582	3494.3048461914054	1384.004150390625	1.6922997054867537	2085.8200697690495	12418.7763671875	12276.6376953125	71463.0	8928.46064453125	16394.3802734375	2324.2412109375	48.589202880859375
sub-22_task-UA_acq-2500_run-1_bold	0.0015571794871794874	0.004586172692307692	0	29.19830124180644	1.0908860605161292	0.9828151994193551	0.6047936148476214	158.40399169921875	0.06798032958627687	4	2.5641025641025643	3.0235914007504454	2.9273657413230634	3.2110317942616065	2.9323766666666664	0.00833769	-0.01415005512535572	0.06811994314193726	156	76	76	42	1.71341024585257	2.5	2.526315689086914	2.526315689086914	3.0	21.24120709265938	424.8080663051446	2115.3857421875	1069.86376953125	121294.0	717.6224670410156	7043.434960937498	2657.31298828125	4.237773975689924	5907.938184148182	16350.14453125	14044.7216796875	64589.0	7825.93828125	32796.41640624999	8196.876953125	46.863304138183594
sub-22_task-loc_acq-1000_run-1_bold	0.0005434883720930232	0.007343862674418605	2	29.848838103450284	1.2143843683040936	0.9933045183040937	0.6273487675433832	1017.1532592773438	0.1602542596852324	53	30.813953488372093	1.8086690072146216	1.7310663187863953	1.9593473695241361	1.7355933333333333	0.0188594	-0.011560057289898396	0.06363370269536972	172	76	76	42	5.438780960911576	1.0	2.526315689086914	2.526315689086914	3.0	17.717146873802786	355.24871648877456	903.5082397460938	368.71044921875	121103.0	92.80939483642578	3502.2978515624995	1403.2713623046875	1.8826823122951977	2031.1882050123388	12583.0810546875	12445.41015625	72000.0	9171.921533203125	16501.393359375	2288.256103515625	63.62155532836914
sub-23_task-AA_acq-0500_run-1_bold	0.0002915661103979461	0.012972481655969193	1	41.02977690420311	1.2440905077120807	1.0028846362982018	0.5655708446215663	2600.861083984375	0.15378367618187985	214	27.471116816431323	1.8188197723035808	1.7551686114108012	2.025847372166609	1.6754433333333332	0.0146843	-0.017633603885769844	0.05872355028986931	779	76	76	42	5.890022124348255	0.5	2.526315689086914	2.526315689086914	3.0	26.7656423670554	122.03262302212951	386.4188537597656	149.8370361328125	134926.0	52.96989631652832	1391.4649658203125	657.887451171875	1.7788302282523318	1273.1433913104088	8078.14697265625	8048.4970703125	59182.0	6039.64130859375	10306.537939453125	1366.451416015625	42.93619918823242
sub-23_task-AA_acq-0750_run-1_bold	0.0003768918918918919	0.010370819864864864	2	32.0165581509865	1.193785367369437	1.001573871586073	0.5806533085635476	1949.1632080078125	0.16284661289648683	160	30.888030888030887	1.8122545638196164	1.754792569729192	2.014851121729657	1.66712	0.00934714	-0.021055245772004128	0.060194231569767	518	76	76	40	5.951354685825316	0.75	2.526315689086914	2.526315689086914	3.0	25.91718857292205	160.29773431033044	510.31939697265625	210.09744262695312	125122.0	79.50085945129395	1790.5760131835937	831.9906616210938	1.8329536084903602	1519.2531878017453	9775.4775390625	9734.708984375	58803.0	7316.230419921875	12475.861816406248	1635.69921875	51.32449722290039
sub-23_task-AA_acq-1000_run-1_bold	0.0007571538461538461	0.007970963461538461	0	35.9797489833162	1.3405855502827766	1.012245801491003	0.572479632653053	1728.3115234375	0.17289420993351665	138	35.38461538461539	1.816968452685436	1.7626340283741166	2.005267996348858	1.6830033333333334	0.00875593	-0.020459800958633423	0.05981975421309471	390	76	76	42	5.682707336465633	1.0	2.526315689086914	2.526315689086914	3.0	26.96790520854035	209.59166777482966	574.693359375	248.32286071777344	134393.0	81.33095855712891	2021.4426269531243	928.011474609375	1.7598242905117507	1785.1573165492334	10973.9931640625	10914.6796875	59787.0	8109.575439453125	14165.285058593749	1920.6669921875	56.37302017211914
sub-23_task-AA_acq-2500_run-1_bold	0.0006506410256410256	0.0022187395512820516	0	32.15664938664514	1.1556278028387101	1.000570079483871	0.5686948885606503	230.69158935546875	0.12437723426312189	17	10.897435897435898	2.854937646185993	2.8169757369365587	2.9768172016214214	2.77102	0.0061254	-0.02005864307284355	0.05445316433906555	156	76	76	42	2.0514161149524734	2.5	2.526315689086914	2.526315689086914	3.0	32.4030739106205	162.2909651295288	1428.912353515625	882.896728515625	136288.0	752.0629608154297	4254.759545898427	1570.264404296875	3.698463690642404	5436.302727630836	15193.6552734375	13685.1552734375	55043.0	7582.435791015625	28218.759765624993	6671.0166015625	56.68733215332031
sub-23_task-UA_acq-0500_run-1_bold	0.0003299614890885752	0.013376751694480105	1	41.70654645989716	1.2463632560539843	0.9999537921465291	0.5669975044129067	2496.7763671875	0.15956306837767592	220	28.241335044929397	1.8256135919575882	1.7629784033878009	2.03385903915163	1.6800033333333333	0.0100363	-0.01835029385983944	0.059163037687540054	779	76	76	42	5.86516939621231	0.5	2.526315689086914	2.526315689086914	3.0	26.065816467316846	125.20171467371412	392.6533508300781	152.22235107421875	134828.0	53.231422996521	1416.8498474121086	664.061767578125	1.694317909864397	1283.5375332309673	8060.681640625	8034.580078125	59370.0	6021.878564453125	10298.995361328125	1369.8687744140625	42.009517669677734
sub-23_task-UA_acq-0750_run-1_bold	0.000686204238921002	0.01082277317919075	1	32.365018929208496	1.200986790559845	1.0056095994787648	0.5814828627588682	1889.413330078125	0.16587811373161518	171	32.947976878612714	1.8120161609879928	1.7574881948363064	2.0080902881276725	1.67047	0.0108988	-0.021581560373306274	0.05977649614214897	519	76	76	40	5.957704197154201	0.75	2.526315689086914	2.526315689086914	3.0	26.053490509473324	163.78889989279745	514.7557373046875	212.6027374267578	125056.0	79.61286163330078	1810.3628845214844	836.357177734375	1.8105199840938724	1519.552169596786	9768.498046875	9727.8876953125	58930.0	7309.60029296875	12466.10029296875	1632.81103515625	50.48210144042969
sub-23_task-UA_acq-1000_run-1_bold	0.0004363076923076924	0.007820141153846154	0	36.057166999280184	1.3371623513881759	1.0008953463753223	0.5732085335966882	1696.7462158203125	0.1705954107174367	150	38.46153846153846	1.8122774802605193	1.757880069851878	1.9947190375963466	1.6842333333333332	0.00620696	-0.02089793048799038	0.059376660734415054	390	76	76	42	5.684204718134045	1.0	2.526315689086914	2.526315689086914	3.0	26.654174218105936	211.25564195128683	577.5814208984375	250.1261749267578	134292.0	81.8738998413086	2032.0161132812493	930.4517211914062	1.8094110821904321	1783.8137082887129	10971.37109375	10912.48046875	59910.0	8108.440478515625	14149.959716796868	1919.774169921875	57.1848030090332
sub-23_task-UA_acq-2500_run-1_bold	0.001464551282051282	0.0023400434615384615	0	31.354989205677427	1.1579216213548393	1.012237448193548	0.5688426835910139	230.95956420898438	0.09530341124642368	7	4.487179487179487	2.870546466051818	2.8330386542415082	2.992567410580612	2.7860333333333336	0.00851678	-0.019187582656741142	0.054455023258924484	156	76	76	42	2.05849524622726	2.5	2.526315689086914	2.526315689086914	3.0	31.35157340688162	164.99519393188604	1433.9998779296875	884.24072265625	136356.0	751.4385833740234	4302.6910400390625	1579.1065673828125	3.6329337499778287	5443.571677277328	15172.2080078125	13667.080078125	55088.0	7574.661083984375	28088.163085937493	6639.29443359375	55.86595916748047
sub-23_task-loc_acq-1000_run-1_bold	0.0007599421965317921	0.008835939537572253	1	36.82823182267442	1.3348835086627908	1.0045254834302326	0.56624029974152	2025.9185791015625	0.21331382284555028	80	46.24277456647399	1.7999301188844268	1.7414965275341878	1.991097162452426	1.6671966666666667	0.0156839	-0.01705312170088291	0.06028670445084572	173	76	76	42	5.783155871055128	1.0	2.526315689086914	2.526315689086914	3.0	30.2367375853333	190.74531774774684	542.5476684570312	231.9239501953125	135181.0	77.5857925415039	1876.6793212890625	902.752197265625	2.0011921810218514	1719.178622118276	11063.12890625	10996.046875	58971.0	8221.33837890625	14225.087890625	1901.3759765625	55.00991439819336
