	t0	t1	t2	t3	t4	t5	t6
sub-01_AA_trial0	0.991557840322144	0.16485587231377416	0.8529048966454601	0.9879495630116681	0.9812568205788037	0.9999931214736688	0.8521522379386185
sub-01_AA_trial1	0.9993011914824738	0.9643523530842683	0.9892727849476698	0.9804435578287608	0.8247969822550325	0.8899611041356087	0.9921743721115304
sub-01_AA_trial2	0.9921743721115304	0.9982834715708325	0.8617924454577014	0.7993957147914734	0.949488875080187	0.9999968093519013	0.9994450686049113
sub-01_AA_trial3	-0.8471444745934243	0.7945468865732245	0.482046775717401	0.720922560442398	0.9944551460161438	0.9172435808432756	0.20618834823356277
sub-01_AA_trial4	-0.8067998207595551	0.11404506470904441	-0.48083431247252745	0.9994009441240277	0.9261102410708417	0.9624009066195813	0.9950066531277051
sub-01_AA_trial5	0.8526088846498601	0.6693912456091411	0.9963242334850542	0.7504071086327012	0.9114573039047051	0.999833567035058	0.9999536985103757
sub-01_AA_trial6	-0.7830298628690315	0.995716082322927	0.9987320926872264	-0.7896901350094376	0.7511927165467244	0.9984639066413914	0.9061373676077675
sub-01_AA_trial7	0.6859774881677021	0.9988016353308132	0.7043722239387525	0.7951699703579874	-0.43750255991999776	-0.46794603074495067	-0.13438316667696976
sub-01_AA_trial8	0.5591001262486018	0.7657121718934168	0.764519566447042	0.9162405383639182	0.8617024352185517	0.697578427913532	0.7147662779664203
sub-01_AA_trial9	0.697578427913532	0.7147662779664203	0.9712097733400981	0.9801470002596134	0.9930084857236983	0.9445498111132206	0.9920939991246931
sub-01_UA_trial0	0.9996668659809916	0.36730819195618897	0.6369585744370679	0.9290611575353106	-0.948961894442406	-0.6399526294885954	-0.47627983753878284
sub-01_UA_trial1	-0.9126064099152443	-0.7156699771439237	0.7577496354209562	-0.14674688143713546	0.952097017751274	0.7340271664951619	0.809896348879765
sub-01_UA_trial2	0.809896348879765	0.9582392850422768	0.9262361769601963	0.8144565501942391	0.8198711418723204	0.9449276786692982	0.4487806578583818
sub-01_UA_trial3	0.9946647260928017	0.8074275365705129	0.9898261595657192	0.7823613652748045	0.9833856743692945	0.9964540215806624	0.6699981437392888
sub-01_UA_trial4	0.2692772396898084	0.9956485141861696	0.7296568357471951	0.9770576372725128	0.9437983653402473	0.9732068735151456	0.10082959318226836
sub-01_UA_trial5	0.9806639603760673	0.9655869716351838	0.9966444187096847	0.9943376648076927	0.9102132915735378	0.9528909732141755	-0.045417716606472584
sub-01_UA_trial6	0.9970855609091328	0.9997748449298778	0.6359438454389248	0.9878407766075442	0.7829219692873503	0.9910693254427306	0.9115554418621507
sub-01_UA_trial7	0.9115554418621507	0.9117101616046458	0.8081016635101821	0.9958988236442161	0.9975910717929296	0.5271228639404106	0.05797163614293808
sub-01_UA_trial8	0.9814439392723516	0.9437617696340962	0.9455071359477285	0.9856276113484398	0.9965934112342908	0.995870489298363	0.9824890534082504
sub-01_UA_trial9	0.8999516853452744	0.9913163240265694	0.7151442393382036	-0.610466653634223	0.650030115347329	0.8788317710838814	0.9961549430283795
sub-02_AA_trial0	-0.8616152605945032	0.47075205668559444	0.1565867857857418	0.9644224487069302	0.17592818529128362	-0.39477459119044084	-0.8562074135304077
sub-02_AA_trial1	0.3859540340568198	-0.6274092526270781	0.5233496579124771	0.9552636432456936	0.9941045196551437	0.9783499004520858	0.966612156599627
sub-02_AA_trial2	0.7513725262951161	0.19787686669148385	-0.9642359195683073	0.8602986006730999	0.9517325075384462	0.971591633420602	0.9936901171599662
sub-02_AA_trial3	0.7674173679165355	-0.7322991633643989	0.9922257336906339	0.596665134821285	0.4027625252168802	0.36617100623584026	-0.7258955838365654
sub-02_AA_trial4	0.9991169339657987	0.9455633166350357	0.9637785019693299	0.9155342903884864	0.8562840919787486	-0.10324278873921526	0.399410871966569
sub-02_UA_trial0	0.9964679551547023	0.9971497153156412	0.9901144806429817	-0.2077346204164545	0.4098895865779635	0.9996902023084271	0.9956911275347156
sub-02_UA_trial1	0.9933133657637149	0.8835738673327261	0.9352497110747539	0.9224747070278962	0.9954886626787367	0.9997920401988486	0.9999712194381084
sub-02_UA_trial2	0.8977823132464857	0.9306579848393216	0.9394435610213184	0.9738021688323415	0.9645829794073951	0.2369319112715649	0.8423376711712897
sub-02_UA_trial3	0.7009844019603613	0.8832285939029019	-0.6940977441044799	0.6637731779374422	0.9574459094945265	0.9382823881679063	-0.04322231457147689
sub-02_UA_trial4	0.5265129911947951	0.8269625689121778	0.7199900666340059	0.7278790887764193	0.9679795708660422	0.9793718923723144	0.8712492325912548
sub-02_UA_trial5	0.5283831721401453	0.06531226766878545	0.9631252128987128	0.6859511014142804	-0.6157121034748412	0.9786452949515735	0.9392960873390651
sub-03_AA_trial0	0.3497608471092016	0.15550973400610432	0.20632957965627627	-0.879415524965194	0.4859623126912756	0.9135335056428296	-0.34600988403355426
sub-03_AA_trial1	0.9957587899443683	0.9987155970677146	0.9227192636463706	0.6110556968320769	0.9736312552239379	0.6606199952037436	0.9403820506747677
sub-03_AA_trial2	0.9030427059430036	0.7723070210288551	0.790221284955409	0.686614292895396	-0.987500374241067	-0.671805234153361	0.7378337427951852
sub-03_AA_trial3	0.9475172140591763	0.7755525892790464	0.4002997425508558	0.9986619763612977	0.978089518314618	0.734092917200224	0.24933436816403182
sub-03_AA_trial4	-0.9308405573963964	0.18548496969005637	0.4485329485942996	0.56866954282462	-0.3895498362266966	-0.09652488468376837	0.8039318902270397
sub-03_AA_trial5	-0.9694990711991547	-0.6266387054579354	0.1964729810615608	-0.21060534187617924	-0.9434557074547975	0.08126268099729705	0.3081493876107667
sub-03_AA_trial6	0.8855202345275025	0.32135464397597685	0.7042585889641715	-0.9987590564422988	0.8735644035401161	0.6681931634691655	0.3835848034626192
sub-03_AA_trial7	0.1352527339559609	0.30592341078485713	-0.3612275776168426	-0.9860137298971521	-0.49027528012287264	-0.6514656508230445	0.9994651375165258
sub-03_UA_trial0	-0.12879524432786052	0.35106690642895744	0.6976112285637666	0.8979942766671057	-0.9217723228803658	-0.9954886673268069	0.23979878003426816
sub-03_UA_trial1	-0.21536685800712352	0.6345489197712488	-0.29689429278717067	-0.7881681647082687	0.05371081379540775	0.8540452556148599	0.13617689771240057
sub-03_UA_trial2	0.7657105358238671	0.0897711173944523	0.3783716943780898	0.28352323978438987	0.3925529182500111	0.9378169152291237	0.9486301869498157
sub-03_UA_trial3	0.9620972506932283	0.8187293871467706	0.4766402364881223	0.4624674670598653	0.7898170143273738	0.998648549039566	-0.4357851099208111
sub-03_UA_trial4	0.9666632549016639	-0.5586147079144101	-0.3220394760949451	-0.037059164633088615	0.6793272089838156	-0.4896242462670885	-0.4934793395268008
sub-03_UA_trial5	0.01862301167414786	-0.4204012592263264	0.3583655576963625	-0.20960593402691693	0.6276853298256349	0.7957144965410426	0.5841184304685019
sub-03_UA_trial6	0.8845456331464534	-0.692729674595757	-0.7434849856802959	0.9554063488627066	0.9888972837249191	-0.029904181131598137	0.9224479538721024
sub-03_UA_trial7	0.9224479538721024	0.6343495480001402	0.014127799069530256	-0.39461380206699836	-0.2812677460130252	0.5675599397967215	0.9976253327040615
sub-05_AA_trial0	0.9999354865819234	0.9878052842940003	0.9891990843439163	0.9867332850438987	0.6448619011910853	0.3253600928077172	0.8485162375623239
sub-05_AA_trial1	0.2565635783707056	0.8700290265392983	0.9121397379969048	0.18050449256483708	0.29322488187518325	-0.1616674725272956	-0.9998442767132517
sub-05_AA_trial2	0.7190243490469188	0.4963516593054496	0.9825066112926357	0.9997886505262256	0.4334979308997801	-0.22626333740594498	0.5769087383953793
sub-05_AA_trial3	0.7561280048024858	0.6434457934816724	0.9999971344880441	0.9938499746098236	0.7943398736133634	-0.24569156547185791	-0.2696952927938283
sub-05_AA_trial4	0.8523952839583703	0.9931200813797625	0.9205454578055591	0.9513423968646958	0.9938487626411375	0.9500837520118514	0.6402032495353811
sub-05_AA_trial5	0.9998554203712278	0.9154525977126883	0.9743215420334627	0.6245007278461027	0.6416854739794552	0.3776780374706925	-0.9999990757721157
sub-05_UA_trial0	0.7910105546299157	0.9292207928368776	0.892449597994614	0.7705069796131806	0.8752636898712683	0.9207375467920185	0.1311681743505253
sub-05_UA_trial1	0.2087109525050373	-0.47735198155858194	-0.7846132091029626	-0.8999386697274687	-0.03014416359532195	0.962500372249614	0.6362021116805886
sub-05_UA_trial2	-0.03014416359532195	0.962500372249614	0.6362021116805886	0.7490345428820616	-0.7062162416510683	0.9985617682556922	0.9665711350114071
sub-05_UA_trial3	0.8663985427463334	0.8019884892629846	0.6243492081676295	0.41355083403976084	0.4142995508774481	0.9991890136910544	0.9963106050651935
sub-05_UA_trial4	0.9594565019165768	0.01026464257446449	-0.42219189571301996	0.34765704236789113	0.9977431433932875	0.9627220943387285	0.9466819037083656
sub-05_UA_trial5	0.9474026372097354	0.9771923761850659	0.989245166162715	0.8684261110605922	0.8653778112252142	0.987010019798557	0.9144561610011285
sub-06_AA_trial0	0.9692409445992733	0.9949532527827065	0.975997415381897	0.9260105222909953	0.9310388584887309	0.9304875988867323	0.9850867238840504
sub-06_AA_trial1	-0.38276331342959674	-0.9798673757040252	-0.27346493620122264	0.9516882959808167	0.11903251667459237	0.6717092387450825	-0.955634184636771
sub-06_AA_trial2	0.7166368311388644	0.8513866804259304	0.1913446360164439	0.973519500117986	0.16389757915420136	-0.9787017206370515	-0.9656742101709046
sub-06_AA_trial3	0.7829602955027677	0.812120822280061	0.7428857750519657	-0.18640986858131559	-0.3005000480314476	0.8081460844504547	0.7891539432138219
sub-06_AA_trial4	0.7891539432138219	0.8520191136240908	0.8229766977618057	0.8849507687513006	0.500822398137718	0.8788290664686572	0.9636471093000781
sub-06_UA_trial0	0.9898559151390093	0.9033712264013676	0.19059244919284374	0.9975197564622355	-0.1926302176549436	-0.25577169847644926	0.8284071051261913
sub-06_UA_trial1	0.7075107205127052	0.9748101108009039	0.9567721677409209	0.9997282008303938	0.999767487533703	0.886633834007612	-0.9780367661055103
sub-06_UA_trial2	0.9932143828841551	0.9629398843884613	0.8751013273559585	0.9707510262627508	0.9554434995146976	0.9330818404388753	0.7017516811686199
sub-06_UA_trial3	0.99214107892446	0.9427879602537331	0.8640124611005764	0.9232788061607915	0.5315326326773794	-0.3005343618381751	0.8492105226574933
sub-06_UA_trial4	0.8709615243803386	0.6576243279025475	-0.2876485954395562	-0.21617262578842888	-0.355720382066714	0.8803362122503178	0.9559232405657841
sub-06_UA_trial5	-0.954471258987463	0.36487292107145464	0.9427207670231272	0.9887770236836279	0.9992729862039837	0.9908439547407468	0.9989927548274615
sub-06_UA_trial6	0.9989927548274615	0.6131971427259719	-0.9989161428835275	0.401578285423418	0.8799996621564763	0.9590335287481165	0.8828740282364979
sub-07_AA_trial0	-0.6231704994680607	0.9469548203992821	0.8622978706910985	0.6997051136875376	0.973359048700976	0.24449083692624257	-0.6192597035542613
sub-07_AA_trial1	-0.6192597035542613	0.9093357240308572	0.9579728712007359	0.9796884394467762	0.8138592409980262	0.9843751704853971	0.7914903191312325
sub-07_AA_trial2	-0.5262483383840759	0.6476045637707345	-0.018679040501159507	-0.10185622558863432	-0.23135099527040592	-0.4461954223871498	-0.8968392825398539
sub-07_AA_trial3	-0.9067531313528666	-0.42447199925092804	0.8865520425682466	0.958879352689682	0.8543077345164445	0.7097325534864245	0.5319025558203513
sub-07_AA_trial4	0.9262034473030891	0.9162129308672503	-0.06387305488268603	0.8745742564763125	0.8820226971998725	0.9350343381595331	0.4396837655983836
sub-07_AA_trial5	0.9988131659423971	-0.21901055476660802	-0.2674241853916532	-0.7970893499230274	0.8928751746544061	0.6496114774934807	0.8136450853658285
sub-07_AA_trial6	0.9410255655392898	0.8286370234888348	0.9811572325666751	0.9968679752818704	0.927447124864239	0.977422158415694	0.9860601726599438
sub-07_AA_trial7	0.9703302982488762	0.9565765874638383	0.9371698920554047	0.2637251565426499	-0.6568640940977823	-0.4368073675094553	0.9878603582440771
sub-07_AA_trial8	0.9801719510759846	0.7069771508390355	-0.683606026553544	-0.6026735668988145	0.3236534419288547	0.959504884098017	-0.42046788764869514
sub-07_AA_trial9	0.3236534419288547	0.959504884098017	-0.42046788764869514	-0.21823819965838298	-0.18473554957602478	0.48585077881043826	0.5047400006729224
sub-07_UA_trial0	-0.8469133427273016	-0.9904977489483584	0.2403129382251206	-0.8419992983309345	-0.04857475268090488	-0.26397165108285037	0.7346944823344629
sub-07_UA_trial1	0.5546812201435632	0.9751774123315339	-0.06492023844329517	0.2859991754736657	0.914277561075558	0.992664821946424	0.994822651743103
sub-07_UA_trial2	0.8672636024264458	0.978045447235768	-0.9369153114082905	-0.9121455325943744	-0.31750026669153636	-0.31913081057664344	-0.92554036450146
sub-07_UA_trial3	-0.5123198310311586	0.8573113735466869	0.7876561680433708	0.9767241153246855	0.8841562821429708	0.5659550742246828	0.42579591109519693
sub-07_UA_trial4	0.9666534091682697	0.9303791200998711	0.8771682629101588	0.8094192363098328	0.9934649008536778	0.6042032729836411	0.2999050328172633
sub-07_UA_trial5	0.9678073380283202	0.83355969151778	-0.40715931701404645	0.9250918739741801	0.7433179083427355	0.7140607475098867	0.6903472116711404
sub-07_UA_trial6	0.9398019024575318	0.6504116593054602	0.9153173440063765	0.9310842959740109	0.8791818869220538	-0.019793755860556903	-0.24350610543549558
sub-07_UA_trial7	-0.144666565181627	-0.31343141210070485	-0.5931113154768966	-0.07286346166635267	0.3852664517616073	0.8333492623328246	0.9763758086053075
sub-08_AA_trial0	0.9567884317357583	0.9723288792925356	0.9524539166333907	0.952427980228899	0.9926092516430924	0.9824473002283484	0.8065278597423197
sub-08_AA_trial1	-0.8153298362873405	-0.6429571266453246	0.7123612239674104	-0.1514147030832194	0.6482871528489864	0.9025158139981179	0.9994604924536626
sub-08_AA_trial2	0.9999989230437258	0.9984180022414965	0.9927064778616165	-0.6156649213475073	0.1287645938661768	0.9685206901035751	0.26127635897026796
sub-08_AA_trial3	0.26127635897026796	0.6093302791543189	0.8062516659219707	0.9854625662403794	0.7992517861518175	0.7197739399769613	0.4731573910823399
sub-08_AA_trial4	0.9258607160827209	-0.6177382608507352	-0.8340869912123339	0.7025458862753746	0.9949152339129189	0.5095449133451253	0.15048746345812533
sub-08_AA_trial5	0.9399959163336242	-0.07279051326181872	0.7248165507988338	0.7925501845448761	0.9062976753239037	0.7770781562050758	0.9679404227454973
sub-08_AA_trial6	0.7770781562050758	0.9679404227454973	-0.9819852755019703	-0.52343108990555	0.7439906726953708	0.9720984408121119	0.9794993818286709
sub-08_AA_trial7	0.8754789735230161	0.02300451726228554	-0.012282326189475203	0.7172675396666338	0.9246609185698992	-0.5108643987073701	0.908336370448981
sub-08_UA_trial0	-0.1517780472119802	0.9682818798727569	0.7131127361257563	0.5760069371975081	0.9099266919604371	-0.4381750759972981	0.6247942623967463
sub-08_UA_trial1	0.9639777114139814	0.6641587396472557	0.9656023255522062	0.8890720564189526	0.9971456183680091	0.9795700721912857	0.966012919720546
sub-08_UA_trial2	0.8433970734573812	0.9836823308465558	0.6773412403991267	0.3523006640004392	0.9255160487234629	0.5104332954344727	0.7527819740577635
sub-08_UA_trial3	0.06804701323281624	0.9689603928170877	0.9971552793218782	0.9919874369984496	0.8923502956906513	0.926187230711036	0.9264858896382309
sub-08_UA_trial4	0.8195959270002569	-0.3227353785656198	0.9999414017784253	0.9835308653260412	0.9910225890410497	0.9725493676767436	0.837863373366102
sub-08_UA_trial5	-0.6364148781512183	-0.35034704014372986	0.9653983974091565	0.6623043399812552	0.7219829499076471	-0.9110233942310287	0.334725441282305
sub-08_UA_trial6	-0.9110233942310287	0.334725441282305	0.9999771832695433	0.7227746880955137	0.7310276437521862	0.07202226070493672	-0.16327948604740897
sub-08_UA_trial7	0.40247788714251964	0.7408128169240965	-0.5534260864644717	0.7649348713326004	0.9982777166655901	0.8927382280621857	0.9953810839622845
sub-10_AA_trial0	0.9986277750963186	0.7688887057627443	0.9290819804147229	0.43159939172200634	0.510248915687578	0.007893364307914664	-0.1476416066483893
sub-10_AA_trial1	0.9327410249358502	0.5743478734715451	0.6070319343125129	-0.0769303432463127	0.9438653271264514	0.80879648196211	-0.7943485762507184
sub-10_AA_trial2	-0.21619752819024965	-0.9360924049761381	0.19040230470352829	0.9912804230308367	0.9895746368366178	0.9994555295027315	0.937044065818901
sub-10_AA_trial3	0.21531251813289623	0.8020994281215647	0.38425809906298103	0.7734087419004716	0.9235679820555001	-0.5362351862841397	-0.7113812155737841
sub-10_AA_trial4	-0.8645993170485274	0.27663452368578667	0.9872178668242996	0.9749596735471255	0.8274295485627541	0.9937641901896475	0.8533637375563582
sub-10_AA_trial5	0.8014741386747969	0.33844567219394633	0.1631220342415995	0.015461970916773553	-0.9964488801266524	0.3924638762308108	-0.16812006547812916
sub-10_AA_trial6	0.9494918620809052	0.3903931590012848	0.9782666297187147	0.9356532012869869	0.8466190167923645	-0.37938703755456676	-0.5482607937011351
sub-10_AA_trial7	-0.9942935887836859	-0.09547603923094	-0.3379862777133106	-0.2909150798649849	-0.42614750703849724	-0.9454630577086564	-0.9048655910164404
sub-10_UA_trial0	0.7456260048445177	0.9702859799747465	0.9946808500220575	0.879551648136929	0.7378904110173821	0.9023576587299251	0.946568110833548
sub-10_UA_trial1	0.3139414821104473	0.8353191612706248	0.5458702330857629	0.9093201760780987	0.9453876186407697	0.7989835901353209	0.9718587670104543
sub-10_UA_trial2	-0.5959809251625273	-0.3347217413284955	0.2611512005872299	0.1000364981055576	0.7890200409961583	-0.44502936635310547	0.9927738777520686
sub-10_UA_trial3	0.9353766667006631	0.4286129052820903	-0.9311073133130703	-0.9889324123254667	-0.27813424886399213	-0.006134274825248266	-0.9083294624071441
sub-10_UA_trial4	0.8406544042932879	0.980467848315603	0.9655151968315938	-0.5259069645218651	-0.5166600056388099	-0.31596655561766845	-0.9552979431859685
sub-10_UA_trial5	0.4022881930782527	-0.9623087353112092	0.9575111678861816	0.2980092288302534	0.27304173683555055	0.5573896188930363	0.747900841011042
sub-10_UA_trial6	-0.9355578914689232	0.20575843347001416	0.03893682096016678	0.9849437765435763	0.5418353555582238	0.8595705115262828	0.933959435625834
sub-10_UA_trial7	0.9532376410881492	0.9968006078765204	-0.9267348767424135	-0.8421207662680047	-0.5238083869619446	0.9956702158614025	0.6948278744198231
sub-10_UA_trial8	0.9626301606778114	0.903585607192722	0.8116287683332247	0.9993437970129709	0.9607470977272671	0.93438882731837	-0.9175681932771855
sub-11_AA_trial0	0.9624235854355364	0.9383419957495823	0.6444365723326014	0.45860803492058905	-0.8374896483376018	-0.7014544934340886	0.39469481934613737
sub-11_AA_trial1	0.8335019912082994	0.35858262794232326	0.7257731554318799	0.9421752497934024	0.9207413723544702	0.9458135311673578	0.7365208852656822
sub-11_UA_trial0	-0.6417020657212574	0.9744874883164607	0.25521387553066177	0.7890168014304053	0.6481399152358708	0.05043344065475278	0.977980516340319
sub-11_UA_trial1	-0.803127044908468	-0.2735385953380534	0.8046548272918461	0.40999632496025895	0.46145167479864724	0.5302032606297725	0.6530001867545956
sub-12_AA_trial0	0.9634889455177285	0.9471879051031846	-0.9887124794991896	-0.05883945051050395	-0.013157077140114245	0.27355432502347915	0.9272264704471901
sub-12_AA_trial1	0.9780766163562891	0.5589481767698661	0.5239523994291334	0.988717299282485	0.872731591385523	-0.420246004058395	0.5574360648916352
sub-12_AA_trial2	0.872731591385523	-0.420246004058395	0.5574360648916352	0.9648798502615924	0.62955300112482	-0.8589102645751052	0.8013921023238676
sub-12_AA_trial3	-0.32246262944605997	0.04012208687484959	-0.49419188156366506	0.9984492709937968	0.5225855641074275	0.8595840342143558	0.9628553694275793
sub-12_AA_trial4	0.8595840342143558	0.9628553694275793	0.886609543254249	0.9831773214619046	0.9139075981911265	0.9101571012494857	0.8972402318758586
sub-12_AA_trial5	0.9101571012494857	0.8972402318758586	0.8773340440706899	0.15417501479510717	0.7557278335997628	0.5370984696942924	0.9640456584927423
sub-12_AA_trial6	0.9742721872785856	0.999330296077911	0.3817704523854139	-0.027819417215143402	-0.21806121055859864	0.501133705438934	0.7057708783817922
sub-12_AA_trial7	0.7057708783817922	0.007860728899894589	0.9112214300887155	0.9673171968620098	0.8892945295924265	-0.29345173549324644	0.8249569655127904
sub-12_AA_trial8	-0.29345173549324644	0.8249569655127904	0.9905954764152063	0.6903487778827695	0.8614844604448552	0.9956232994604252	0.9871785015531985
sub-12_AA_trial9	0.9996810348625689	0.9799372324833457	0.9516806749563226	0.9609419601940802	0.7777367974091046	0.8181928853568946	0.7754105468667084
sub-12_UA_trial0	0.8607485869832009	0.8713513343382995	0.8769159344491525	0.9874397742350652	0.8885534501042247	0.9842135055875603	0.9287029324249755
sub-12_UA_trial1	0.9945803947542889	-0.03939562482793061	-0.05821790966316196	-0.9993426936474052	0.9371681004917857	0.9971064416116586	0.9948285281978146
sub-12_UA_trial2	0.7769394538196486	0.7894413086080093	0.5255478921940475	0.2136085481251604	0.9824183298781758	0.29909641485447336	0.6550181514876547
sub-12_UA_trial3	0.9824183298781758	0.29909641485447336	0.6550181514876547	0.8986186452607449	0.7086121940939073	0.9926897709158168	0.8659447890723018
sub-12_UA_trial4	0.8659447890723018	0.9999911928013621	0.9989480976343751	0.6788112995650558	0.2682486745511506	-0.18257914461930347	0.46470673197360063
sub-12_UA_trial5	0.2682486745511506	-0.18257914461930347	0.46470673197360063	-0.9145441258460005	0.9823725841160622	0.9562513119381745	-0.29967529377986096
sub-12_UA_trial6	0.7535269217771946	0.43338918708863516	0.9618195684095104	0.9918113358483324	0.8765157216542471	0.9104483698106435	0.8778134580490303
sub-12_UA_trial7	0.8778134580490303	0.992133440651482	0.8664217415164794	0.30830799370504836	0.8204611215214632	-0.39447633224064643	-0.2926502723580156
sub-12_UA_trial8	-0.39447633224064643	-0.2926502723580156	0.39986928604045135	0.8949671293261123	0.8376763660746631	0.8942955823897105	0.9982031396579888
sub-12_UA_trial9	-0.4569816677300933	-0.22576805017094773	0.4948871973151591	0.9895108807309874	0.9434204266051347	0.7109139712263596	0.790353230297382
sub-12_UA_trial10	0.790353230297382	0.6743020007182823	0.9999649940379309	0.9900347542210424	0.9995226200369253	0.7204001801765477	0.8727930878676305
sub-12_UA_trial11	-0.9996853368997016	-0.6305410822572056	0.5106421402431633	0.9007397957375025	-0.8713642316807653	0.736177249026013	0.9660948935593712
sub-15_AA_trial0	-0.803646969101836	-0.9005351788230457	-0.9999294087932155	-0.9931595110743479	-0.8313153442266099	-0.39789772712591714	-0.755389120694605
sub-15_AA_trial1	-0.7855682344585121	-0.5939083639023192	0.5703143488030771	-0.4776751418385189	-0.8848845364389806	0.5046306927325228	0.7096571820968967
sub-15_AA_trial2	0.7096571820968967	0.9919009836203392	0.9444424678638171	0.8468595340294426	0.0643547813295102	0.144517703890425	-0.871860618028287
sub-15_AA_trial3	0.0643547813295102	0.144517703890425	-0.871860618028287	-0.3108086786766217	0.9758707847351239	0.8893781838523326	-0.09019778426715017
sub-15_AA_trial4	-0.685991655056533	-0.9986348701096748	-0.33733526660085805	0.7363756953392028	0.9745732132436526	0.9334292027013316	0.9998628848371515
sub-15_AA_trial5	-0.37603453019526306	-0.9346502202270481	-0.96704855001001	-0.4809459988514973	0.9282168994157312	0.7204039303980346	-0.6583791423938838
sub-15_AA_trial6	-0.9205820779825596	-0.9955529662803406	0.5134948502574113	0.20724732218239247	0.9002975707041544	-0.16453249745529522	0.2913402821159885
sub-15_AA_trial7	0.9002975707041544	-0.16453249745529522	0.2913402821159885	0.9692552094611143	-0.5023189527155144	-0.9924376500880178	-0.45048516715480735
sub-15_AA_trial8	0.6547037970122181	0.5663916214789098	0.6303552783954929	0.8892604386655234	0.8186718219195361	0.03586265467477346	-0.3988534374183081
sub-15_UA_trial0	0.4682005460227459	-0.16845743687487638	-0.2605190296533339	0.18672098205195573	0.752521462873004	0.970452995013216	0.9956069518760036
sub-15_UA_trial1	0.867823001319327	-0.7735273166836584	0.8110058522107094	0.5366116648330519	0.6589963707345803	0.650689465648663	0.8777105750394485
sub-15_UA_trial2	-0.11569618555064001	0.6670385356770069	0.9130601454140721	0.2653626862567941	0.3587632529981007	0.7061521527563809	0.6266240450711726
sub-15_UA_trial3	0.6266240450711726	0.9895032157577905	0.7875019296646106	0.9563872462611519	0.9644421120616486	-0.7680698571431697	0.22226668859935242
sub-15_UA_trial4	0.9977024253839109	0.995333793177253	-0.9958910814302819	-0.6780701057296974	-0.7413539058124128	0.4753293719975774	-0.4479123270507147
sub-15_UA_trial5	0.9105619694524624	0.6248064495100605	0.44170935419871565	-0.19457374427703975	0.7802784371567733	0.3064669839730441	0.10405831207464773
sub-15_UA_trial6	0.3064669839730441	0.10405831207464773	0.9657079123469157	0.6513718150726919	0.617066013227085	-0.14177292795539778	0.4281680987768543
sub-15_UA_trial7	0.4281680987768543	0.6085022002902111	-0.7797022127742628	0.4861828047006105	-0.41442749823537733	-0.9134415636290141	-0.9903248810977873
sub-15_UA_trial8	-0.41442749823537733	-0.9134415636290141	-0.9903248810977873	-0.9913755770191272	-0.5483870330124214	0.980769210483443	0.9812896533394179
sub-15_UA_trial9	0.9993890166975158	0.6392961394501037	-0.6103087995717448	0.539880970959209	0.8236691668334059	0.9518157753292457	0.9919008640399716
sub-16_AA_trial0	0.91161636168829	-0.6760717088826917	0.6383111000302419	0.893727159209776	0.999507755493324	0.8854699583011985	0.8670260945809132
sub-16_AA_trial1	0.8957246391643542	0.923917855026489	0.8587502748801609	0.8654464178454616	-0.09266721485727097	0.9802262169628514	0.698764736650364
sub-16_AA_trial2	0.6789201595941489	0.9462887160180573	0.2489822706974968	-0.01889641163477748	-0.03144837751187073	0.40062862612352446	0.9767862959082956
sub-16_AA_trial3	0.5814523434315925	-0.8251037788013548	-0.7558333850765129	0.9808881231387245	0.9376223311084987	0.6234066547311886	0.556279981181074
sub-16_AA_trial4	0.9376223311084987	0.6234066547311886	0.556279981181074	-0.492588103019243	-0.04252999074103188	-0.395502662082409	-0.4059678882488347
sub-16_AA_trial5	0.7822460464017096	-0.6473106417237905	-0.8321013668399441	0.25884671562891737	0.9572097971339251	0.899664617404693	0.9927452016804857
sub-16_AA_trial6	0.9927452016804857	-0.9890103077242929	-0.1055599410227768	-0.06607202804673083	-0.9991247712868555	0.4455311875956209	0.5257296648206569
sub-16_AA_trial7	0.5257296648206569	0.9984279280772891	0.858568084417609	0.881249183782752	0.9433638880290549	-0.29114071653090706	-0.528764584836657
sub-16_AA_trial8	0.5500505534653203	0.4193967140734159	0.2718762695816408	0.9755612994330709	0.9766019008851718	0.9668393251176324	-0.6246999269091669
sub-16_AA_trial9	-0.17024477148762307	-0.4760719956680949	0.07567179815054395	0.01145952197667805	0.9697535044253255	0.738350063160041	0.9637471061869433
sub-16_UA_trial0	0.8381259578768979	0.8428976258062887	0.9654046331198625	0.9758905954967504	0.9921739872569003	-0.8129477032531863	0.6462679165059962
sub-16_UA_trial1	0.7225374043215771	0.6632900201378393	-0.7376847941479323	0.9806519705816357	0.07407658056714575	-0.6553094516176465	0.2787649637286844
sub-16_UA_trial2	-0.8582578307600306	0.8664602654634429	0.43701134601651814	-0.6915396015033352	-0.08508432885892857	-0.46296195616689917	-0.6337646667138707
sub-16_UA_trial3	-0.6337646667138707	-0.4321912473403548	0.958466383801243	0.9259200723347227	0.7289735806319847	-0.30607987610001086	0.8809773487972731
sub-16_UA_trial4	0.7289735806319847	-0.30607987610001086	0.8809773487972731	0.912886459982622	0.599909332667309	0.2258342693934128	0.9809976983508524
sub-16_UA_trial5	0.9325203293550842	-0.023957929354809494	0.6620927653316354	0.7970571285730225	0.9553039539055656	0.8857662884352862	0.5154302228496024
sub-16_UA_trial6	0.5154302228496024	0.7266025513655566	0.9913179872217608	0.9724586725905411	0.9731966322392357	0.8182884316589116	-0.2233278894637338
sub-16_UA_trial7	-0.2233278894637338	0.9905143919577953	0.8989673861165809	0.2642669846145202	0.13390891811251412	-0.9964688509426497	0.9746185564830269
sub-16_UA_trial8	0.9843884784000967	0.8733773705714447	0.45321051178716887	0.9101611884115279	0.9385104187035094	0.9291169415650157	0.9665756219820815
sub-16_UA_trial9	0.9620325869103304	0.9954994013857437	0.826915801495477	0.8361823492339876	0.9989977675600517	0.9999772955200973	0.11657395874116816
sub-21_AA_trial0	0.8675554163972288	0.9987220457356798	0.9996921890955601	0.7925392234685117	-0.09686362622614489	0.3732772222200583	0.8326121204518385
sub-21_AA_trial1	-0.9964171316793431	0.6396509975774332	0.9598623857858706	0.7150146299951322	0.41365318263804624	0.727832338991706	0.8438595428614613
sub-21_AA_trial2	0.8438595428614613	-0.9989450093687663	-0.9951178991780865	-0.5298164241076563	0.9605440026852704	0.9998233867775912	0.9144483589471019
sub-21_AA_trial3	0.8652164285832299	0.7168294874159646	0.8402789334302868	0.8509755186646719	0.6468965178388857	-0.9779855086564142	-0.9496337927406894
sub-21_AA_trial4	0.9660296329325535	0.6969836372368837	0.9471227626863832	0.7216676870839486	0.8977235272057539	0.951587569809056	0.591523933566631
sub-21_AA_trial5	0.959949591322312	0.14459375347574346	0.9998691648847106	0.6181852473633883	-0.06551471413849862	0.9963340532879505	0.832809720651929
sub-21_AA_trial6	0.7368460251370583	0.3491254642217871	0.4668761130152788	-0.49999385314625205	0.6589217294967297	-0.023316204623686363	-0.4545249265297443
sub-21_AA_trial7	0.13016470412244593	-0.6831955975470876	-0.08878743609711455	0.46630447084780036	0.9468949285593429	0.8952846873674093	0.7066566802843349
sub-21_AA_trial8	0.1171315742214376	0.9197844817427783	-0.2492524810118486	0.4727084571150215	0.8672528940242973	0.9634980352124441	-0.9712531824596926
sub-21_UA_trial0	-0.9217774228646528	0.45879778169590796	0.7947126988291345	0.9986206888381295	0.775523087029834	-0.18265126320135242	0.11107613993670823
sub-21_UA_trial1	0.9951020849742686	0.45154224085881395	0.9996791719323634	0.13470233021406353	-0.8460458921285081	0.5552372840988158	-0.41950613772998135
sub-21_UA_trial2	0.9455002018973373	0.9799937138572885	0.9932026439790014	0.972785830574342	0.9288551092644176	-0.3923578457520049	-0.6528643636885435
sub-21_UA_trial3	-0.8438019827858315	-0.9312126447928106	-0.5942576360382337	0.6539025433882798	-0.5132840196612579	-0.8909096554077005	0.8145045622203977
sub-21_UA_trial4	0.6050396416997474	0.16500747633049168	-0.9885255245899853	-0.7213876979696008	0.33778034295436477	0.8578633402067515	0.9429018814255793
sub-22_AA_trial0	0.965123082358353	0.642637773562021	0.9780080906748013	0.842465817082355	0.8610586673233753	0.6049558064042843	0.8166934679712623
sub-22_AA_trial1	0.8610586673233753	0.6049558064042843	0.8166934679712623	0.4850794854604992	0.859534372470154	0.9049992173276892	-0.942979157041085
sub-22_AA_trial2	0.8445436231075704	-0.09305134416091625	-0.9565930722858305	0.27794172839263154	0.7906831661293824	0.18048015434215875	0.5711449413245185
sub-22_AA_trial3	0.9620482291320392	0.40126692514825785	0.9682358242606103	-0.1088539381512552	-0.9999999721148605	0.3181298821272761	0.057122433329599695
sub-22_AA_trial4	0.926516782349179	0.9831289862379236	-0.9571315088910013	-0.34667896695954936	0.7835966675572309	0.982051850517078	0.7164542613612086
sub-22_AA_trial5	-0.9800500971970455	0.6575173102107554	0.9985810810249256	0.908746127345839	0.7104935079706172	0.9197255202771369	-0.9552099147310497
sub-22_AA_trial6	-0.7771836967868881	0.9412171253807821	0.948562230894526	0.76599002265615	0.10639446288412267	-0.9386641610244651	-0.449782241376311
sub-22_AA_trial7	0.9972853672915953	-0.09245689513489	0.25239020136509394	0.6824801298393071	-0.25783014077148514	0.47082743828858586	0.549155324952304
sub-22_UA_trial0	0.10490079629333683	0.9657380066890292	0.9938900067984983	0.8980226543304484	0.3552159709275207	-0.34823495953006384	-0.6649869852503254
sub-22_UA_trial1	-0.9049642186811315	0.9894682057309995	-0.48184699590806207	0.4768213107813221	-0.8193238154052621	-0.8416851518669201	0.279883681103181
sub-22_UA_trial2	0.2875048329622339	-0.8806946517527383	-0.9995667573542553	0.4133294583612813	0.5256800378235891	-0.9996439520334227	0.6321256030135881
sub-22_UA_trial3	-0.0881099464964069	0.34261156009407034	0.7404252424988784	0.9919402915155742	0.9949896206846502	-0.48751181837333335	-0.36974457218728085
sub-22_UA_trial4	-0.9145169451692177	-0.6008194273399706	-0.9332145184507142	-0.6243419934998823	0.7329025732943467	0.4207652990073761	0.17889775535860164
sub-22_UA_trial5	0.9947839780355183	0.9767273330991294	-0.7084862936146477	-0.9997348618499334	-0.9715602842337863	0.24414754932250882	0.07126380814011483
sub-23_AA_trial0	-0.018030465259894397	0.7798607223910458	0.8422419288470248	0.8233752744447652	0.010772679852656272	0.9883630465855024	0.7732484748811675
sub-23_AA_trial1	0.6419189710087948	0.4448121916377701	-0.492422641039642	0.5474224461811829	0.7416303081710887	0.13947313303122763	-0.4713602162654538
sub-23_AA_trial2	0.7533177963709423	0.6387054001293816	0.9137493310449781	0.7934024152725192	0.9990890243328201	0.8594816960911935	0.9032505790317882
sub-23_AA_trial3	0.8489621217084893	0.7623706333460456	0.9993629314338875	0.7977775684131438	-0.3304710515746518	-0.8183113194485623	0.6207343858282552
sub-23_AA_trial4	0.9986492193311849	0.9898595712353816	0.9227827201848076	0.930949687250213	0.961999291168618	0.9737079329831909	0.9993933817913331
sub-23_AA_trial5	0.10020914027368369	0.8356308510346322	0.9785644614959309	0.9499665618278806	0.9944967893389475	0.9991960504784845	0.9804886591779503
sub-23_UA_trial0	0.9628982961453143	0.7694695956769767	-0.08053103125689508	0.8264555983936314	0.9133159752367117	0.6674372254839827	0.9785634956628754
sub-23_UA_trial1	-0.2415897609162403	-0.9746719871168102	-0.18025632406550032	0.9991997484491035	0.9956775719271695	0.8243627791626099	0.9475936013597532
sub-23_UA_trial2	0.8931834133201216	0.9786400621609144	-0.8168012140231645	0.4998006856840479	0.5296425395863972	-0.7622112038009053	-0.981097310785684
sub-23_UA_trial3	-0.4656093215934973	-0.6135996192911894	0.9659091899253275	0.92078587265092	0.18985740618687239	0.9995852466000438	0.9726533992381988
sub-23_UA_trial4	0.9958036057604481	0.4489807047479572	0.8268974487431943	0.7907334781653889	0.9854622471508002	-0.23805545537314263	-0.4536868301082102
